sentence,tokens,ner_tags
Everest appeared above the morning clouds just as the first rays of sunlight reached the valley.,"['Everest', 'appeared', 'above', 'the', 'morning', 'clouds', 'just', 'as', 'the', 'first', 'rays', 'of', 'sunlight', 'reached', 'the', 'valley', '.']","['B-MOUNTAIN', 'O', 'O', 'O', 'O', 'O', 'O', 'O', 'O', 'O', 'O', 'O', 'O', 'O', 'O', 'O', 'O']"
We left the campsite before dawn to avoid hiking during the hottest part of the day.,"['We', 'left', 'the', 'campsite', 'before', 'dawn', 'to', 'avoid', 'hiking', 'during', 'the', 'hottest', 'part', 'of', 'the', 'day', '.']","['O', 'O', 'O', 'O', 'O', 'O', 'O', 'O', 'O', 'O', 'O', 'O', 'O', 'O', 'O', 'O', 'O']"
K2 has challenged experienced climbers with its steep faces and unpredictable weather for decades.,"['K2', 'has', 'challenged', 'experienced', 'climbers', 'with', 'its', 'steep', 'faces', 'and', 'unpredictable', 'weather', 'for', 'decades', '.']","['B-MOUNTAIN', 'O', 'O', 'O', 'O', 'O', 'O', 'O', 'O', 'O', 'O', 'O', 'O', 'O', 'O']"
The trail wound through a quiet forest filled with birds and wildflowers.,"['The', 'trail', 'wound', 'through', 'a', 'quiet', 'forest', 'filled', 'with', 'birds', 'and', 'wildflowers', '.']","['O', 'O', 'O', 'O', 'O', 'O', 'O', 'O', 'O', 'O', 'O', 'O', 'O']"
Tourists often compare the views from Matterhorn and Mont Blanc during their Alpine holidays.,"['Tourists', 'often', 'compare', 'the', 'views', 'from', 'Matterhorn', 'and', 'Mont', 'Blanc', 'during', 'their', 'Alpine', 'holidays', '.']","['O', 'O', 'O', 'O', 'O', 'O', 'O', 'O', 'B-MOUNTAIN', 'I-MOUNTAIN', 'O', 'O', 'O', 'O', 'O']"
A gentle breeze made the afternoon trek much more enjoyable.,"['A', 'gentle', 'breeze', 'made', 'the', 'afternoon', 'trek', 'much', 'more', 'enjoyable', '.']","['O', 'O', 'O', 'O', 'O', 'O', 'O', 'O', 'O', 'O', 'O']"
Denali dominates the surrounding wilderness with remarkable prominence.,"['Denali', 'dominates', 'the', 'surrounding', 'wilderness', 'with', 'remarkable', 'prominence', '.']","['B-MOUNTAIN', 'O', 'O', 'O', 'O', 'O', 'O', 'O', 'O']"
The guide explained how glaciers slowly carve valleys over thousands of years.,"['The', 'guide', 'explained', 'how', 'glaciers', 'slowly', 'carve', 'valleys', 'over', 'thousands', 'of', 'years', '.']","['O', 'O', 'O', 'O', 'O', 'O', 'O', 'O', 'O', 'O', 'O', 'O', 'O']"
Many photographers visit Kilimanjaro during the dry season for clear summit views.,"['Many', 'photographers', 'visit', 'Kilimanjaro', 'during', 'the', 'dry', 'season', 'for', 'clear', 'summit', 'views', '.']","['O', 'O', 'O', 'B-MOUNTAIN', 'O', 'O', 'O', 'O', 'O', 'O', 'O', 'O', 'O']"
Our backpacks felt lighter after we stopped for lunch beside the river.,"['Our', 'backpacks', 'felt', 'lighter', 'after', 'we', 'stopped', 'for', 'lunch', 'beside', 'the', 'river', '.']","['O', 'O', 'O', 'O', 'O', 'O', 'O', 'O', 'O', 'O', 'O', 'O', 'O']"
Annapurna attracts trekkers from around the world with its spectacular scenery.,"['Annapurna', 'attracts', 'trekkers', 'from', 'around', 'the', 'world', 'with', 'its', 'spectacular', 'scenery', '.']","['B-MOUNTAIN', 'O', 'O', 'O', 'O', 'O', 'O', 'O', 'O', 'O', 'O', 'O']"
The local forecast predicted scattered showers in the higher elevations.,"['The', 'local', 'forecast', 'predicted', 'scattered', 'showers', 'in', 'the', 'higher', 'elevations', '.']","['O', 'O', 'O', 'O', 'O', 'O', 'O', 'O', 'O', 'O', 'O']"
Aconcagua remained visible long after the lower hills disappeared behind us.,"['Aconcagua', 'remained', 'visible', 'long', 'after', 'the', 'lower', 'hills', 'disappeared', 'behind', 'us', '.']","['B-MOUNTAIN', 'O', 'O', 'O', 'O', 'O', 'O', 'O', 'O', 'O', 'O', 'O']"
The wooden bridge crossed a fast-moving mountain stream.,"['The', 'wooden', 'bridge', 'crossed', 'a', 'fast-moving', 'mountain', 'stream', '.']","['O', 'O', 'O', 'O', 'O', 'O', 'O', 'O', 'O']"
Everest and Lhotse share one of the world's most famous skylines.,"['Everest', 'and', 'Lhotse', 'share', 'one', 'of', 'the', ""world's"", 'most', 'famous', 'skylines', '.']","['B-MOUNTAIN', 'O', 'O', 'O', 'O', 'O', 'O', 'O', 'O', 'O', 'O', 'O']"
The ranger reminded everyone to stay on the marked trail.,"['The', 'ranger', 'reminded', 'everyone', 'to', 'stay', 'on', 'the', 'marked', 'trail', '.']","['O', 'O', 'O', 'O', 'O', 'O', 'O', 'O', 'O', 'O', 'O']"
Fuji looked perfectly symmetrical beneath the clear blue sky.,"['Fuji', 'looked', 'perfectly', 'symmetrical', 'beneath', 'the', 'clear', 'blue', 'sky', '.']","['B-MOUNTAIN', 'O', 'O', 'O', 'O', 'O', 'O', 'O', 'O', 'O']"
Several hikers paused to photograph colorful alpine flowers.,"['Several', 'hikers', 'paused', 'to', 'photograph', 'colorful', 'alpine', 'flowers', '.']","['O', 'O', 'O', 'O', 'O', 'O', 'O', 'O', 'O']"
"Makalu rises not far from Everest, creating an unforgettable Himalayan landscape.","['Makalu', 'rises', 'not', 'far', 'from', 'Everest', ',', 'creating', 'an', 'unforgettable', 'Himalayan', 'landscape', '.']","['O', 'O', 'O', 'O', 'O', 'B-MOUNTAIN', 'O', 'O', 'O', 'O', 'O', 'O', 'O']"
The weather changed suddenly as dark clouds gathered overhead.,"['The', 'weather', 'changed', 'suddenly', 'as', 'dark', 'clouds', 'gathered', 'overhead', '.']","['O', 'O', 'O', 'O', 'O', 'O', 'O', 'O', 'O', 'O']"
Ben Nevis welcomed visitors with surprisingly calm conditions that morning.,"['Ben', 'Nevis', 'welcomed', 'visitors', 'with', 'surprisingly', 'calm', 'conditions', 'that', 'morning', '.']","['O', 'O', 'O', 'O', 'O', 'O', 'O', 'O', 'O', 'O', 'O']"
The valley echoed with the sound of rushing water.,"['The', 'valley', 'echoed', 'with', 'the', 'sound', 'of', 'rushing', 'water', '.']","['O', 'O', 'O', 'O', 'O', 'O', 'O', 'O', 'O', 'O']"
Kangchenjunga remained hidden behind thick clouds until late afternoon.,"['Kangchenjunga', 'remained', 'hidden', 'behind', 'thick', 'clouds', 'until', 'late', 'afternoon', '.']","['O', 'O', 'O', 'O', 'O', 'O', 'O', 'O', 'O', 'O']"
Our guide pointed out several native plants growing beside the path.,"['Our', 'guide', 'pointed', 'out', 'several', 'native', 'plants', 'growing', 'beside', 'the', 'path', '.']","['O', 'O', 'O', 'O', 'O', 'O', 'O', 'O', 'O', 'O', 'O', 'O']"
Cho Oyu is frequently chosen by climbers preparing for even higher peaks.,"['Cho', 'Oyu', 'is', 'frequently', 'chosen', 'by', 'climbers', 'preparing', 'for', 'even', 'higher', 'peaks', '.']","['O', 'O', 'O', 'O', 'O', 'O', 'O', 'O', 'O', 'O', 'O', 'O', 'O']"
The mountain lodge served warm soup after a cold day's hike.,"['The', 'mountain', 'lodge', 'served', 'warm', 'soup', 'after', 'a', 'cold', ""day's"", 'hike', '.']","['O', 'O', 'O', 'O', 'O', 'O', 'O', 'O', 'O', 'O', 'O', 'O']"
Dhaulagiri stood brilliantly against the fresh snow covering the surrounding ridges.,"['Dhaulagiri', 'stood', 'brilliantly', 'against', 'the', 'fresh', 'snow', 'covering', 'the', 'surrounding', 'ridges', '.']","['B-MOUNTAIN', 'O', 'O', 'O', 'O', 'O', 'O', 'O', 'O', 'O', 'O', 'O']"
The sunset painted the western sky with shades of orange and pink.,"['The', 'sunset', 'painted', 'the', 'western', 'sky', 'with', 'shades', 'of', 'orange', 'and', 'pink', '.']","['O', 'O', 'O', 'O', 'O', 'O', 'O', 'O', 'O', 'O', 'O', 'O', 'O']"
Rain arrived just as we reached the viewpoint overlooking the valley.,"['Rain', 'arrived', 'just', 'as', 'we', 'reached', 'the', 'viewpoint', 'overlooking', 'the', 'valley', '.']","['O', 'O', 'O', 'O', 'O', 'O', 'O', 'O', 'O', 'O', 'O', 'O']"
Manaslu has become increasingly popular among experienced expedition teams.,"['Manaslu', 'has', 'become', 'increasingly', 'popular', 'among', 'experienced', 'expedition', 'teams', '.']","['B-MOUNTAIN', 'O', 'O', 'O', 'O', 'O', 'O', 'O', 'O', 'O']"
The path climbed steadily through dense pine forests.,"['The', 'path', 'climbed', 'steadily', 'through', 'dense', 'pine', 'forests', '.']","['O', 'O', 'O', 'O', 'O', 'O', 'O', 'O', 'O']"
Ama Dablam is admired for its elegant profile and dramatic setting.,"['Ama', 'Dablam', 'is', 'admired', 'for', 'its', 'elegant', 'profile', 'and', 'dramatic', 'setting', '.']","['O', 'O', 'O', 'O', 'O', 'O', 'O', 'O', 'O', 'O', 'O', 'O']"
"The map highlighted nearby rivers, forests, and protected natural areas.","['The', 'map', 'highlighted', 'nearby', 'rivers', ',', 'forests', ',', 'and', 'protected', 'natural', 'areas', '.']","['O', 'O', 'O', 'O', 'O', 'O', 'O', 'O', 'O', 'O', 'O', 'O', 'O']"
Travelers often visit both Rainier and Mount St. Helens during the same trip.,"['Travelers', 'often', 'visit', 'both', 'Rainier', 'and', 'Mount', 'St', '.', 'Helens', 'during', 'the', 'same', 'trip', '.']","['O', 'O', 'O', 'O', 'B-MOUNTAIN', 'O', 'O', 'O', 'O', 'O', 'O', 'O', 'O', 'O', 'O']"
We spotted a family of deer grazing near the edge of the meadow.,"['We', 'spotted', 'a', 'family', 'of', 'deer', 'grazing', 'near', 'the', 'edge', 'of', 'the', 'meadow', '.']","['O', 'O', 'O', 'O', 'O', 'O', 'O', 'O', 'O', 'O', 'O', 'O', 'O', 'O']"
Elbrus remains snow-covered for much of the year.,"['Elbrus', 'remains', 'snow-covered', 'for', 'much', 'of', 'the', 'year', '.']","['B-MOUNTAIN', 'O', 'O', 'O', 'O', 'O', 'O', 'O', 'O']"
The campsite offered beautiful views of the surrounding hills.,"['The', 'campsite', 'offered', 'beautiful', 'views', 'of', 'the', 'surrounding', 'hills', '.']","['O', 'O', 'O', 'O', 'O', 'O', 'O', 'O', 'O', 'O']"
The route between Matterhorn and Weisshorn rewards hikers with stunning Alpine scenery.,"['The', 'route', 'between', 'Matterhorn', 'and', 'Weisshorn', 'rewards', 'hikers', 'with', 'stunning', 'Alpine', 'scenery', '.']","['O', 'O', 'O', 'O', 'O', 'O', 'O', 'O', 'O', 'O', 'O', 'O', 'O']"
The cool morning air made the climb much easier.,"['The', 'cool', 'morning', 'air', 'made', 'the', 'climb', 'much', 'easier', '.']","['O', 'O', 'O', 'O', 'O', 'O', 'O', 'O', 'O', 'O']"
Cook rises above New Zealand's Southern Alps with impressive beauty.,"['Cook', 'rises', 'above', 'New', ""Zealand's"", 'Southern', 'Alps', 'with', 'impressive', 'beauty', '.']","['O', 'O', 'O', 'O', 'O', 'O', 'O', 'O', 'O', 'O', 'O']"
Several visitors gathered outside to watch the sunrise.,"['Several', 'visitors', 'gathered', 'outside', 'to', 'watch', 'the', 'sunrise', '.']","['O', 'O', 'O', 'O', 'O', 'O', 'O', 'O', 'O']"
Toubkal attracts hikers seeking North Africa's highest summit.,"['Toubkal', 'attracts', 'hikers', 'seeking', 'North', ""Africa's"", 'highest', 'summit', '.']","['B-MOUNTAIN', 'O', 'O', 'O', 'O', 'O', 'O', 'O', 'O']"
The guide checked everyone's equipment before continuing the ascent.,"['The', 'guide', 'checked', ""everyone's"", 'equipment', 'before', 'continuing', 'the', 'ascent', '.']","['O', 'O', 'O', 'O', 'O', 'O', 'O', 'O', 'O', 'O']"
Table Mountain overlooks Cape Town with dramatic cliffs on every side.,"['Table', 'Mountain', 'overlooks', 'Cape', 'Town', 'with', 'dramatic', 'cliffs', 'on', 'every', 'side', '.']","['O', 'O', 'O', 'O', 'O', 'O', 'O', 'O', 'O', 'O', 'O', 'O']"
Heavy fog reduced visibility along the upper section of the trail.,"['Heavy', 'fog', 'reduced', 'visibility', 'along', 'the', 'upper', 'section', 'of', 'the', 'trail', '.']","['O', 'O', 'O', 'O', 'O', 'O', 'O', 'O', 'O', 'O', 'O', 'O']"
Fuji attracts millions of visitors during the official climbing season.,"['Fuji', 'attracts', 'millions', 'of', 'visitors', 'during', 'the', 'official', 'climbing', 'season', '.']","['B-MOUNTAIN', 'O', 'O', 'O', 'O', 'O', 'O', 'O', 'O', 'O', 'O']"
A small waterfall flowed beside the narrow hiking path.,"['A', 'small', 'waterfall', 'flowed', 'beside', 'the', 'narrow', 'hiking', 'path', '.']","['O', 'O', 'O', 'O', 'O', 'O', 'O', 'O', 'O', 'O']"
"Everest, Lhotse, and Nuptse formed an incredible backdrop for our trek.","['Everest', ',', 'Lhotse', ',', 'and', 'Nuptse', 'formed', 'an', 'incredible', 'backdrop', 'for', 'our', 'trek', '.']","['B-MOUNTAIN', 'O', 'O', 'O', 'O', 'O', 'O', 'O', 'O', 'O', 'O', 'O', 'O', 'O']"
The weather remained clear throughout the afternoon.,"['The', 'weather', 'remained', 'clear', 'throughout', 'the', 'afternoon', '.']","['O', 'O', 'O', 'O', 'O', 'O', 'O', 'O']"
Shasta is easily recognized by its snow-covered volcanic cone.,"['Shasta', 'is', 'easily', 'recognized', 'by', 'its', 'snow-covered', 'volcanic', 'cone', '.']","['B-MOUNTAIN', 'O', 'O', 'O', 'O', 'O', 'O', 'O', 'O', 'O']"
We reached the viewpoint just before sunset.,"['We', 'reached', 'the', 'viewpoint', 'just', 'before', 'sunset', '.']","['O', 'O', 'O', 'O', 'O', 'O', 'O', 'O']"
Kosciuszko offers accessible hiking routes suitable for many visitors.,"['Kosciuszko', 'offers', 'accessible', 'hiking', 'routes', 'suitable', 'for', 'many', 'visitors', '.']","['O', 'O', 'O', 'O', 'O', 'O', 'O', 'O', 'O', 'O']"
The air became noticeably cooler as we gained elevation.,"['The', 'air', 'became', 'noticeably', 'cooler', 'as', 'we', 'gained', 'elevation', '.']","['O', 'O', 'O', 'O', 'O', 'O', 'O', 'O', 'O', 'O']"
Rainier supports numerous glaciers despite its relatively southern location.,"['Rainier', 'supports', 'numerous', 'glaciers', 'despite', 'its', 'relatively', 'southern', 'location', '.']","['B-MOUNTAIN', 'O', 'O', 'O', 'O', 'O', 'O', 'O', 'O', 'O']"
The travel blog recommended arriving early to avoid large crowds.,"['The', 'travel', 'blog', 'recommended', 'arriving', 'early', 'to', 'avoid', 'large', 'crowds', '.']","['O', 'O', 'O', 'O', 'O', 'O', 'O', 'O', 'O', 'O', 'O']"
Merapi remains one of Indonesia's most active volcanoes.,"['Merapi', 'remains', 'one', 'of', ""Indonesia's"", 'most', 'active', 'volcanoes', '.']","['O', 'O', 'O', 'O', 'O', 'O', 'O', 'O', 'O']"
Fresh snow covered the highest ridges overnight.,"['Fresh', 'snow', 'covered', 'the', 'highest', 'ridges', 'overnight', '.']","['O', 'O', 'O', 'O', 'O', 'O', 'O', 'O']"
Whitney provides sweeping views across the Sierra Nevada.,"['Whitney', 'provides', 'sweeping', 'views', 'across', 'the', 'Sierra', 'Nevada', '.']","['B-MOUNTAIN', 'O', 'O', 'O', 'O', 'O', 'O', 'O', 'O']"
Our group stopped frequently to take photographs.,"['Our', 'group', 'stopped', 'frequently', 'to', 'take', 'photographs', '.']","['O', 'O', 'O', 'O', 'O', 'O', 'O', 'O']"
The skyline looked especially dramatic with Denali in the distance.,"['The', 'skyline', 'looked', 'especially', 'dramatic', 'with', 'Denali', 'in', 'the', 'distance', '.']","['O', 'O', 'O', 'O', 'O', 'O', 'B-MOUNTAIN', 'O', 'O', 'O', 'O']"
Local guides shared stories about the region's wildlife and geology.,"['Local', 'guides', 'shared', 'stories', 'about', 'the', ""region's"", 'wildlife', 'and', 'geology', '.']","['O', 'O', 'O', 'O', 'O', 'O', 'O', 'O', 'O', 'O', 'O']"
Teide rises above the Canary Islands with a striking volcanic landscape.,"['Teide', 'rises', 'above', 'the', 'Canary', 'Islands', 'with', 'a', 'striking', 'volcanic', 'landscape', '.']","['B-MOUNTAIN', 'O', 'O', 'O', 'O', 'O', 'O', 'O', 'O', 'O', 'O', 'O']"
The forest became quieter as evening approached.,"['The', 'forest', 'became', 'quieter', 'as', 'evening', 'approached', '.']","['O', 'O', 'O', 'O', 'O', 'O', 'O', 'O']"
Ararat dominates the surrounding plains on clear days.,"['Ararat', 'dominates', 'the', 'surrounding', 'plains', 'on', 'clear', 'days', '.']","['B-MOUNTAIN', 'O', 'O', 'O', 'O', 'O', 'O', 'O', 'O']"
A light rain cooled the valley during the afternoon.,"['A', 'light', 'rain', 'cooled', 'the', 'valley', 'during', 'the', 'afternoon', '.']","['O', 'O', 'O', 'O', 'O', 'O', 'O', 'O', 'O', 'O']"
Kenya features several distinct ecological zones from forest to alpine terrain.,"['Kenya', 'features', 'several', 'distinct', 'ecological', 'zones', 'from', 'forest', 'to', 'alpine', 'terrain', '.']","['O', 'O', 'O', 'O', 'O', 'O', 'O', 'O', 'O', 'O', 'O', 'O']"
The rocky trail demanded careful footing after the storm.,"['The', 'rocky', 'trail', 'demanded', 'careful', 'footing', 'after', 'the', 'storm', '.']","['O', 'O', 'O', 'O', 'O', 'O', 'O', 'O', 'O', 'O']"
Travelers admired both Elbrus and Kazbek during their journey through the Caucasus.,"['Travelers', 'admired', 'both', 'Elbrus', 'and', 'Kazbek', 'during', 'their', 'journey', 'through', 'the', 'Caucasus', '.']","['O', 'O', 'O', 'B-MOUNTAIN', 'O', 'O', 'O', 'O', 'O', 'O', 'O', 'O', 'O']"
The mountain air felt crisp and refreshing.,"['The', 'mountain', 'air', 'felt', 'crisp', 'and', 'refreshing', '.']","['O', 'O', 'O', 'O', 'O', 'O', 'O', 'O']"
Kinabalu is famous for its exceptional biodiversity.,"['Kinabalu', 'is', 'famous', 'for', 'its', 'exceptional', 'biodiversity', '.']","['B-MOUNTAIN', 'O', 'O', 'O', 'O', 'O', 'O', 'O']"
Our campsite overlooked a peaceful alpine lake.,"['Our', 'campsite', 'overlooked', 'a', 'peaceful', 'alpine', 'lake', '.']","['O', 'O', 'O', 'O', 'O', 'O', 'O', 'O']"
Logan is the highest mountain in Canada by elevation.,"['Logan', 'is', 'the', 'highest', 'mountain', 'in', 'Canada', 'by', 'elevation', '.']","['B-MOUNTAIN', 'O', 'O', 'O', 'O', 'O', 'O', 'O', 'O', 'O']"
The clouds slowly drifted away before noon.,"['The', 'clouds', 'slowly', 'drifted', 'away', 'before', 'noon', '.']","['O', 'O', 'O', 'O', 'O', 'O', 'O', 'O']"
Baker and Glacier Peak often receive heavy snowfall during winter.,"['Baker', 'and', 'Glacier', 'Peak', 'often', 'receive', 'heavy', 'snowfall', 'during', 'winter', '.']","['O', 'O', 'O', 'O', 'O', 'O', 'O', 'O', 'O', 'O', 'O']"
The winding road climbed steadily toward the national park entrance.,"['The', 'winding', 'road', 'climbed', 'steadily', 'toward', 'the', 'national', 'park', 'entrance', '.']","['O', 'O', 'O', 'O', 'O', 'O', 'O', 'O', 'O', 'O', 'O']"
The guide encouraged everyone to refill their water bottles.,"['The', 'guide', 'encouraged', 'everyone', 'to', 'refill', 'their', 'water', 'bottles', '.']","['O', 'O', 'O', 'O', 'O', 'O', 'O', 'O', 'O', 'O']"
Popocatépetl continues to be monitored because of its volcanic activity.,"['Popocatépetl', 'continues', 'to', 'be', 'monitored', 'because', 'of', 'its', 'volcanic', 'activity', '.']","['O', 'O', 'O', 'O', 'O', 'O', 'O', 'O', 'O', 'O', 'O']"
Colorful wildflowers lined both sides of the hiking trail.,"['Colorful', 'wildflowers', 'lined', 'both', 'sides', 'of', 'the', 'hiking', 'trail', '.']","['O', 'O', 'O', 'O', 'O', 'O', 'O', 'O', 'O', 'O']"
"Eiger, Mönch, and Jungfrau create one of Europe's most iconic mountain panoramas.","['Eiger', ',', 'Mönch', ',', 'and', 'Jungfrau', 'create', 'one', 'of', ""Europe's"", 'most', 'iconic', 'mountain', 'panoramas', '.']","['O', 'O', 'O', 'O', 'O', 'O', 'O', 'O', 'O', 'O', 'O', 'O', 'O', 'O', 'O']"
The forecast predicted colder temperatures above two thousand meters.,"['The', 'forecast', 'predicted', 'colder', 'temperatures', 'above', 'two', 'thousand', 'meters', '.']","['O', 'O', 'O', 'O', 'O', 'O', 'O', 'O', 'O', 'O']"
Rinjani surrounds visitors with impressive volcanic scenery and a beautiful crater lake.,"['Rinjani', 'surrounds', 'visitors', 'with', 'impressive', 'volcanic', 'scenery', 'and', 'a', 'beautiful', 'crater', 'lake', '.']","['B-MOUNTAIN', 'O', 'O', 'O', 'O', 'O', 'O', 'O', 'O', 'O', 'O', 'O', 'O']"
The peaceful atmosphere made the long walk feel effortless.,"['The', 'peaceful', 'atmosphere', 'made', 'the', 'long', 'walk', 'feel', 'effortless', '.']","['O', 'O', 'O', 'O', 'O', 'O', 'O', 'O', 'O', 'O']"
Many travelers combine visits to Bromo and Semeru while exploring Java.,"['Many', 'travelers', 'combine', 'visits', 'to', 'Bromo', 'and', 'Semeru', 'while', 'exploring', 'Java', '.']","['O', 'O', 'O', 'O', 'O', 'O', 'O', 'B-MOUNTAIN', 'O', 'O', 'O', 'O']"
The sunrise reflected beautifully across the calm lake.,"['The', 'sunrise', 'reflected', 'beautifully', 'across', 'the', 'calm', 'lake', '.']","['O', 'O', 'O', 'O', 'O', 'O', 'O', 'O', 'O']"
Damavand appears frequently in Persian literature and folklore.,"['Damavand', 'appears', 'frequently', 'in', 'Persian', 'literature', 'and', 'folklore', '.']","['B-MOUNTAIN', 'O', 'O', 'O', 'O', 'O', 'O', 'O', 'O']"
Our guide recommended hiking earlier to avoid afternoon thunderstorms.,"['Our', 'guide', 'recommended', 'hiking', 'earlier', 'to', 'avoid', 'afternoon', 'thunderstorms', '.']","['O', 'O', 'O', 'O', 'O', 'O', 'O', 'O', 'O', 'O']"
Nanga Parbat has earned a reputation for difficult climbing conditions.,"['Nanga', 'Parbat', 'has', 'earned', 'a', 'reputation', 'for', 'difficult', 'climbing', 'conditions', '.']","['B-MOUNTAIN', 'I-MOUNTAIN', 'O', 'O', 'O', 'O', 'O', 'O', 'O', 'O', 'O']"
The trail crossed several wooden bridges before reaching the valley.,"['The', 'trail', 'crossed', 'several', 'wooden', 'bridges', 'before', 'reaching', 'the', 'valley', '.']","['O', 'O', 'O', 'O', 'O', 'O', 'O', 'O', 'O', 'O', 'O']"
Snowdon attracts walkers throughout every season.,"['Snowdon', 'attracts', 'walkers', 'throughout', 'every', 'season', '.']","['O', 'O', 'O', 'O', 'O', 'O', 'O']"
The river carved deep channels through the rocky landscape.,"['The', 'river', 'carved', 'deep', 'channels', 'through', 'the', 'rocky', 'landscape', '.']","['O', 'O', 'O', 'O', 'O', 'O', 'O', 'O', 'O', 'O']"
Visitors often photograph Ama Dablam from nearby trekking routes.,"['Visitors', 'often', 'photograph', 'Ama', 'Dablam', 'from', 'nearby', 'trekking', 'routes', '.']","['O', 'O', 'O', 'O', 'O', 'O', 'O', 'O', 'O', 'O']"
A cool wind swept across the open ridge.,"['A', 'cool', 'wind', 'swept', 'across', 'the', 'open', 'ridge', '.']","['O', 'O', 'O', 'O', 'O', 'O', 'O', 'O', 'O']"
Pelée dramatically changed the surrounding region during its historic eruption.,"['Pelée', 'dramatically', 'changed', 'the', 'surrounding', 'region', 'during', 'its', 'historic', 'eruption', '.']","['O', 'O', 'O', 'O', 'O', 'O', 'O', 'O', 'O', 'O', 'O']"
The campsite remained quiet throughout the night.,"['The', 'campsite', 'remained', 'quiet', 'throughout', 'the', 'night', '.']","['O', 'O', 'O', 'O', 'O', 'O', 'O', 'O']"
Robson rises above the Canadian Rockies with remarkable prominence.,"['Robson', 'rises', 'above', 'the', 'Canadian', 'Rockies', 'with', 'remarkable', 'prominence', '.']","['B-MOUNTAIN', 'O', 'O', 'O', 'O', 'O', 'O', 'O', 'O', 'O']"
Morning mist slowly disappeared as the temperature increased.,"['Morning', 'mist', 'slowly', 'disappeared', 'as', 'the', 'temperature', 'increased', '.']","['O', 'O', 'O', 'O', 'O', 'O', 'O', 'O', 'O']"
Travelers compared the landscapes around Aconcagua and Ojos del Salado before planning their expedition.,"['Travelers', 'compared', 'the', 'landscapes', 'around', 'Aconcagua', 'and', 'Ojos', 'del', 'Salado', 'before', 'planning', 'their', 'expedition', '.']","['O', 'O', 'O', 'O', 'O', 'B-MOUNTAIN', 'O', 'B-MOUNTAIN', 'I-MOUNTAIN', 'I-MOUNTAIN', 'O', 'O', 'O', 'O', 'O']"
The final stretch of the trail rewarded us with unforgettable panoramic views.,"['The', 'final', 'stretch', 'of', 'the', 'trail', 'rewarded', 'us', 'with', 'unforgettable', 'panoramic', 'views', '.']","['O', 'O', 'O', 'O', 'O', 'O', 'O', 'O', 'O', 'O', 'O', 'O', 'O']"
Everest disappeared behind drifting clouds just before sunset.,"['Everest', 'disappeared', 'behind', 'drifting', 'clouds', 'just', 'before', 'sunset', '.']","['B-MOUNTAIN', 'O', 'O', 'O', 'O', 'O', 'O', 'O', 'O']"
The narrow trail followed the edge of a deep valley.,"['The', 'narrow', 'trail', 'followed', 'the', 'edge', 'of', 'a', 'deep', 'valley', '.']","['O', 'O', 'O', 'O', 'O', 'O', 'O', 'O', 'O', 'O', 'O']"
K2 and Gasherbrum I dominate the remote landscape of the Karakoram.,"['K2', 'and', 'Gasherbrum', 'I', 'dominate', 'the', 'remote', 'landscape', 'of', 'the', 'Karakoram', '.']","['B-MOUNTAIN', 'O', 'O', 'O', 'O', 'O', 'O', 'O', 'O', 'O', 'O', 'O']"
A cool breeze carried the scent of pine through the forest.,"['A', 'cool', 'breeze', 'carried', 'the', 'scent', 'of', 'pine', 'through', 'the', 'forest', '.']","['O', 'O', 'O', 'O', 'O', 'O', 'O', 'O', 'O', 'O', 'O', 'O']"
Fuji reflected beautifully in the calm waters of the nearby lake.,"['Fuji', 'reflected', 'beautifully', 'in', 'the', 'calm', 'waters', 'of', 'the', 'nearby', 'lake', '.']","['B-MOUNTAIN', 'O', 'O', 'O', 'O', 'O', 'O', 'O', 'O', 'O', 'O', 'O']"
The hiking route passed several waterfalls before reaching the campsite.,"['The', 'hiking', 'route', 'passed', 'several', 'waterfalls', 'before', 'reaching', 'the', 'campsite', '.']","['O', 'O', 'O', 'O', 'O', 'O', 'O', 'O', 'O', 'O', 'O']"
"Mont Blanc attracts climbers, photographers, and skiers throughout the year.","['Mont', 'Blanc', 'attracts', 'climbers', ',', 'photographers', ',', 'and', 'skiers', 'throughout', 'the', 'year', '.']","['B-MOUNTAIN', 'I-MOUNTAIN', 'O', 'O', 'O', 'O', 'O', 'O', 'O', 'O', 'O', 'O', 'O']"
The valley was covered in colorful wildflowers after weeks of rain.,"['The', 'valley', 'was', 'covered', 'in', 'colorful', 'wildflowers', 'after', 'weeks', 'of', 'rain', '.']","['O', 'O', 'O', 'O', 'O', 'O', 'O', 'O', 'O', 'O', 'O', 'O']"
Denali remained hidden until the morning fog finally cleared.,"['Denali', 'remained', 'hidden', 'until', 'the', 'morning', 'fog', 'finally', 'cleared', '.']","['B-MOUNTAIN', 'O', 'O', 'O', 'O', 'O', 'O', 'O', 'O', 'O']"
Our guide reminded everyone to pack enough drinking water.,"['Our', 'guide', 'reminded', 'everyone', 'to', 'pack', 'enough', 'drinking', 'water', '.']","['O', 'O', 'O', 'O', 'O', 'O', 'O', 'O', 'O', 'O']"
Matterhorn rises dramatically above the surrounding Alpine villages.,"['Matterhorn', 'rises', 'dramatically', 'above', 'the', 'surrounding', 'Alpine', 'villages', '.']","['O', 'O', 'O', 'O', 'O', 'O', 'O', 'O', 'O']"
The forecast called for clear skies and light winds tomorrow.,"['The', 'forecast', 'called', 'for', 'clear', 'skies', 'and', 'light', 'winds', 'tomorrow', '.']","['O', 'O', 'O', 'O', 'O', 'O', 'O', 'O', 'O', 'O', 'O']"
Kilimanjaro offers several routes with different levels of difficulty.,"['Kilimanjaro', 'offers', 'several', 'routes', 'with', 'different', 'levels', 'of', 'difficulty', '.']","['B-MOUNTAIN', 'O', 'O', 'O', 'O', 'O', 'O', 'O', 'O', 'O']"
We rested beside a quiet stream before continuing uphill.,"['We', 'rested', 'beside', 'a', 'quiet', 'stream', 'before', 'continuing', 'uphill', '.']","['O', 'O', 'O', 'O', 'O', 'O', 'O', 'O', 'O', 'O']"
Everest and Makalu looked spectacular beneath the bright afternoon sun.,"['Everest', 'and', 'Makalu', 'looked', 'spectacular', 'beneath', 'the', 'bright', 'afternoon', 'sun', '.']","['B-MOUNTAIN', 'O', 'O', 'O', 'O', 'O', 'O', 'O', 'O', 'O', 'O']"
The wooden observation deck overlooked a beautiful glacier.,"['The', 'wooden', 'observation', 'deck', 'overlooked', 'a', 'beautiful', 'glacier', '.']","['O', 'O', 'O', 'O', 'O', 'O', 'O', 'O', 'O']"
Annapurna is surrounded by traditional villages and scenic trekking trails.,"['Annapurna', 'is', 'surrounded', 'by', 'traditional', 'villages', 'and', 'scenic', 'trekking', 'trails', '.']","['B-MOUNTAIN', 'O', 'O', 'O', 'O', 'O', 'O', 'O', 'O', 'O', 'O']"
Clouds gathered quickly over the western ridge.,"['Clouds', 'gathered', 'quickly', 'over', 'the', 'western', 'ridge', '.']","['O', 'O', 'O', 'O', 'O', 'O', 'O', 'O']"
Cho Oyu is often chosen as preparation for higher Himalayan expeditions.,"['Cho', 'Oyu', 'is', 'often', 'chosen', 'as', 'preparation', 'for', 'higher', 'Himalayan', 'expeditions', '.']","['O', 'O', 'O', 'O', 'O', 'O', 'O', 'O', 'O', 'O', 'O', 'O']"
The campsite became lively as more hikers arrived before dusk.,"['The', 'campsite', 'became', 'lively', 'as', 'more', 'hikers', 'arrived', 'before', 'dusk', '.']","['O', 'O', 'O', 'O', 'O', 'O', 'O', 'O', 'O', 'O', 'O']"
Ben Nevis experiences rapidly changing weather throughout the year.,"['Ben', 'Nevis', 'experiences', 'rapidly', 'changing', 'weather', 'throughout', 'the', 'year', '.']","['O', 'O', 'O', 'O', 'O', 'O', 'O', 'O', 'O', 'O']"
The map showed several alternative hiking routes.,"['The', 'map', 'showed', 'several', 'alternative', 'hiking', 'routes', '.']","['O', 'O', 'O', 'O', 'O', 'O', 'O', 'O']"
Aconcagua remained visible for hours across the open plains.,"['Aconcagua', 'remained', 'visible', 'for', 'hours', 'across', 'the', 'open', 'plains', '.']","['B-MOUNTAIN', 'O', 'O', 'O', 'O', 'O', 'O', 'O', 'O', 'O']"
Fresh snow covered the highest peaks overnight.,"['Fresh', 'snow', 'covered', 'the', 'highest', 'peaks', 'overnight', '.']","['O', 'O', 'O', 'O', 'O', 'O', 'O', 'O']"
Lhotse stands immediately south of Everest.,"['Lhotse', 'stands', 'immediately', 'south', 'of', 'Everest', '.']","['O', 'O', 'O', 'O', 'O', 'B-MOUNTAIN', 'O']"
We enjoyed a warm meal after a long day on the trail.,"['We', 'enjoyed', 'a', 'warm', 'meal', 'after', 'a', 'long', 'day', 'on', 'the', 'trail', '.']","['O', 'O', 'O', 'O', 'O', 'O', 'O', 'O', 'O', 'O', 'O', 'O', 'O']"
Dhaulagiri and Annapurna are separated by one of the world's deepest gorges.,"['Dhaulagiri', 'and', 'Annapurna', 'are', 'separated', 'by', 'one', 'of', 'the', ""world's"", 'deepest', 'gorges', '.']","['B-MOUNTAIN', 'O', 'B-MOUNTAIN', 'O', 'O', 'O', 'O', 'O', 'O', 'O', 'O', 'O', 'O']"
The morning air felt cool and refreshing.,"['The', 'morning', 'air', 'felt', 'cool', 'and', 'refreshing', '.']","['O', 'O', 'O', 'O', 'O', 'O', 'O', 'O']"
Elbrus attracts climbers from across Europe every summer.,"['Elbrus', 'attracts', 'climbers', 'from', 'across', 'Europe', 'every', 'summer', '.']","['B-MOUNTAIN', 'O', 'O', 'O', 'O', 'O', 'O', 'O', 'O']"
The forest trail became quieter as evening approached.,"['The', 'forest', 'trail', 'became', 'quieter', 'as', 'evening', 'approached', '.']","['O', 'O', 'O', 'O', 'O', 'O', 'O', 'O', 'O']"
Rainier supports one of the largest glacier systems in the contiguous United States.,"['Rainier', 'supports', 'one', 'of', 'the', 'largest', 'glacier', 'systems', 'in', 'the', 'contiguous', 'United', 'States', '.']","['B-MOUNTAIN', 'O', 'O', 'O', 'O', 'O', 'O', 'O', 'O', 'O', 'O', 'O', 'O', 'O']"
The weather improved shortly after sunrise.,"['The', 'weather', 'improved', 'shortly', 'after', 'sunrise', '.']","['O', 'O', 'O', 'O', 'O', 'O', 'O']"
Kangchenjunga remained hidden behind thick clouds for most of the morning.,"['Kangchenjunga', 'remained', 'hidden', 'behind', 'thick', 'clouds', 'for', 'most', 'of', 'the', 'morning', '.']","['O', 'O', 'O', 'O', 'O', 'O', 'O', 'O', 'O', 'O', 'O', 'O']"
The rocky path required careful footing after the rain.,"['The', 'rocky', 'path', 'required', 'careful', 'footing', 'after', 'the', 'rain', '.']","['O', 'O', 'O', 'O', 'O', 'O', 'O', 'O', 'O', 'O']"
Cook dominates New Zealand's Southern Alps with impressive glaciers.,"['Cook', 'dominates', 'New', ""Zealand's"", 'Southern', 'Alps', 'with', 'impressive', 'glaciers', '.']","['O', 'O', 'O', 'O', 'O', 'O', 'O', 'O', 'O', 'O']"
Several hikers stopped to photograph a rainbow above the valley.,"['Several', 'hikers', 'stopped', 'to', 'photograph', 'a', 'rainbow', 'above', 'the', 'valley', '.']","['O', 'O', 'O', 'O', 'O', 'O', 'O', 'O', 'O', 'O', 'O']"
Rinjani features a spectacular crater lake near its summit.,"['Rinjani', 'features', 'a', 'spectacular', 'crater', 'lake', 'near', 'its', 'summit', '.']","['B-MOUNTAIN', 'O', 'O', 'O', 'O', 'O', 'O', 'O', 'O', 'O']"
The local guide shared fascinating stories about the area's history.,"['The', 'local', 'guide', 'shared', 'fascinating', 'stories', 'about', 'the', ""area's"", 'history', '.']","['O', 'O', 'O', 'O', 'O', 'O', 'O', 'O', 'O', 'O', 'O']"
Toubkal welcomes thousands of trekkers each year.,"['Toubkal', 'welcomes', 'thousands', 'of', 'trekkers', 'each', 'year', '.']","['B-MOUNTAIN', 'O', 'O', 'O', 'O', 'O', 'O', 'O']"
A gentle breeze kept temperatures comfortable during the climb.,"['A', 'gentle', 'breeze', 'kept', 'temperatures', 'comfortable', 'during', 'the', 'climb', '.']","['O', 'O', 'O', 'O', 'O', 'O', 'O', 'O', 'O', 'O']"
Shasta stood out clearly against the cloudless sky.,"['Shasta', 'stood', 'out', 'clearly', 'against', 'the', 'cloudless', 'sky', '.']","['B-MOUNTAIN', 'O', 'O', 'O', 'O', 'O', 'O', 'O', 'O']"
The trail crossed open meadows filled with blooming flowers.,"['The', 'trail', 'crossed', 'open', 'meadows', 'filled', 'with', 'blooming', 'flowers', '.']","['O', 'O', 'O', 'O', 'O', 'O', 'O', 'O', 'O', 'O']"
Merapi continues to shape the surrounding landscape through volcanic activity.,"['Merapi', 'continues', 'to', 'shape', 'the', 'surrounding', 'landscape', 'through', 'volcanic', 'activity', '.']","['O', 'O', 'O', 'O', 'O', 'O', 'O', 'O', 'O', 'O', 'O']"
Our backpacks felt much heavier near the end of the hike.,"['Our', 'backpacks', 'felt', 'much', 'heavier', 'near', 'the', 'end', 'of', 'the', 'hike', '.']","['O', 'O', 'O', 'O', 'O', 'O', 'O', 'O', 'O', 'O', 'O', 'O']"
Whitney attracts experienced hikers seeking a challenging adventure.,"['Whitney', 'attracts', 'experienced', 'hikers', 'seeking', 'a', 'challenging', 'adventure', '.']","['B-MOUNTAIN', 'O', 'O', 'O', 'O', 'O', 'O', 'O', 'O']"
The sound of rushing water echoed through the canyon.,"['The', 'sound', 'of', 'rushing', 'water', 'echoed', 'through', 'the', 'canyon', '.']","['O', 'O', 'O', 'O', 'O', 'O', 'O', 'O', 'O', 'O']"
"Everest, Nuptse, and Lhotse formed a breathtaking panorama.","['Everest', ',', 'Nuptse', ',', 'and', 'Lhotse', 'formed', 'a', 'breathtaking', 'panorama', '.']","['B-MOUNTAIN', 'O', 'O', 'O', 'O', 'O', 'O', 'O', 'O', 'O', 'O']"
The travel magazine recommended visiting during early autumn.,"['The', 'travel', 'magazine', 'recommended', 'visiting', 'during', 'early', 'autumn', '.']","['O', 'O', 'O', 'O', 'O', 'O', 'O', 'O', 'O']"
Kosciuszko offers some of Australia's most accessible alpine walks.,"['Kosciuszko', 'offers', 'some', 'of', ""Australia's"", 'most', 'accessible', 'alpine', 'walks', '.']","['O', 'O', 'O', 'O', 'O', 'O', 'O', 'O', 'O', 'O']"
The valley remained peaceful despite the growing number of visitors.,"['The', 'valley', 'remained', 'peaceful', 'despite', 'the', 'growing', 'number', 'of', 'visitors', '.']","['O', 'O', 'O', 'O', 'O', 'O', 'O', 'O', 'O', 'O', 'O']"
Table Mountain was covered by a blanket of low clouds.,"['Table', 'Mountain', 'was', 'covered', 'by', 'a', 'blanket', 'of', 'low', 'clouds', '.']","['O', 'O', 'O', 'O', 'O', 'O', 'O', 'O', 'O', 'O', 'O']"
The guide explained how erosion creates dramatic mountain scenery.,"['The', 'guide', 'explained', 'how', 'erosion', 'creates', 'dramatic', 'mountain', 'scenery', '.']","['O', 'O', 'O', 'O', 'O', 'O', 'O', 'O', 'O', 'O']"
Nanga Parbat has fascinated mountaineers for generations.,"['Nanga', 'Parbat', 'has', 'fascinated', 'mountaineers', 'for', 'generations', '.']","['B-MOUNTAIN', 'I-MOUNTAIN', 'O', 'O', 'O', 'O', 'O', 'O']"
Strong winds forced several groups to delay their ascent.,"['Strong', 'winds', 'forced', 'several', 'groups', 'to', 'delay', 'their', 'ascent', '.']","['O', 'O', 'O', 'O', 'O', 'O', 'O', 'O', 'O', 'O']"
Damavand rises prominently above the surrounding Iranian plateau.,"['Damavand', 'rises', 'prominently', 'above', 'the', 'surrounding', 'Iranian', 'plateau', '.']","['B-MOUNTAIN', 'O', 'O', 'O', 'O', 'O', 'O', 'O', 'O']"
The sunrise painted the snowy slopes in golden light.,"['The', 'sunrise', 'painted', 'the', 'snowy', 'slopes', 'in', 'golden', 'light', '.']","['O', 'O', 'O', 'O', 'O', 'O', 'O', 'O', 'O', 'O']"
Baker and Rainier are both famous volcanic peaks in the Pacific Northwest.,"['Baker', 'and', 'Rainier', 'are', 'both', 'famous', 'volcanic', 'peaks', 'in', 'the', 'Pacific', 'Northwest', '.']","['O', 'O', 'B-MOUNTAIN', 'O', 'O', 'O', 'O', 'O', 'O', 'O', 'O', 'O', 'O']"
We spotted several mountain goats near the rocky cliffs.,"['We', 'spotted', 'several', 'mountain', 'goats', 'near', 'the', 'rocky', 'cliffs', '.']","['O', 'O', 'O', 'O', 'O', 'O', 'O', 'O', 'O', 'O']"
Eiger presents technical climbing routes admired by experienced alpinists.,"['Eiger', 'presents', 'technical', 'climbing', 'routes', 'admired', 'by', 'experienced', 'alpinists', '.']","['O', 'O', 'O', 'O', 'O', 'O', 'O', 'O', 'O', 'O']"
The forecast warned of possible thunderstorms later in the afternoon.,"['The', 'forecast', 'warned', 'of', 'possible', 'thunderstorms', 'later', 'in', 'the', 'afternoon', '.']","['O', 'O', 'O', 'O', 'O', 'O', 'O', 'O', 'O', 'O', 'O']"
Kazbek towers above picturesque valleys in the Caucasus.,"['Kazbek', 'towers', 'above', 'picturesque', 'valleys', 'in', 'the', 'Caucasus', '.']","['O', 'O', 'O', 'O', 'O', 'O', 'O', 'O', 'O']"
Our campsite overlooked a crystal-clear alpine lake.,"['Our', 'campsite', 'overlooked', 'a', 'crystal-clear', 'alpine', 'lake', '.']","['O', 'O', 'O', 'O', 'O', 'O', 'O', 'O']"
Ama Dablam is considered one of the most beautiful peaks in the Himalayas.,"['Ama', 'Dablam', 'is', 'considered', 'one', 'of', 'the', 'most', 'beautiful', 'peaks', 'in', 'the', 'Himalayas', '.']","['O', 'O', 'O', 'O', 'O', 'O', 'O', 'O', 'O', 'O', 'O', 'O', 'O', 'O']"
The trail gradually climbed through dense evergreen forests.,"['The', 'trail', 'gradually', 'climbed', 'through', 'dense', 'evergreen', 'forests', '.']","['O', 'O', 'O', 'O', 'O', 'O', 'O', 'O', 'O']"
Popocatépetl remained visible despite the distant haze.,"['Popocatépetl', 'remained', 'visible', 'despite', 'the', 'distant', 'haze', '.']","['O', 'O', 'O', 'O', 'O', 'O', 'O', 'O']"
The local visitor center offered free hiking maps.,"['The', 'local', 'visitor', 'center', 'offered', 'free', 'hiking', 'maps', '.']","['O', 'O', 'O', 'O', 'O', 'O', 'O', 'O', 'O']"
Robson is the tallest peak in the Canadian Rockies.,"['Robson', 'is', 'the', 'tallest', 'peak', 'in', 'the', 'Canadian', 'Rockies', '.']","['B-MOUNTAIN', 'O', 'O', 'O', 'O', 'O', 'O', 'O', 'O', 'O']"
The evening sky turned bright orange before darkness arrived.,"['The', 'evening', 'sky', 'turned', 'bright', 'orange', 'before', 'darkness', 'arrived', '.']","['O', 'O', 'O', 'O', 'O', 'O', 'O', 'O', 'O', 'O']"
Bromo and Semeru create unforgettable volcanic landscapes on Java.,"['Bromo', 'and', 'Semeru', 'create', 'unforgettable', 'volcanic', 'landscapes', 'on', 'Java', '.']","['O', 'O', 'B-MOUNTAIN', 'O', 'O', 'O', 'O', 'O', 'O', 'O']"
The path narrowed as it approached the rocky ridge.,"['The', 'path', 'narrowed', 'as', 'it', 'approached', 'the', 'rocky', 'ridge', '.']","['O', 'O', 'O', 'O', 'O', 'O', 'O', 'O', 'O', 'O']"
Teide dominates the skyline of Tenerife.,"['Teide', 'dominates', 'the', 'skyline', 'of', 'Tenerife', '.']","['B-MOUNTAIN', 'O', 'O', 'O', 'O', 'O', 'O']"
We paused often to admire the surrounding scenery.,"['We', 'paused', 'often', 'to', 'admire', 'the', 'surrounding', 'scenery', '.']","['O', 'O', 'O', 'O', 'O', 'O', 'O', 'O', 'O']"
Manaslu has become increasingly popular with international expeditions.,"['Manaslu', 'has', 'become', 'increasingly', 'popular', 'with', 'international', 'expeditions', '.']","['B-MOUNTAIN', 'O', 'O', 'O', 'O', 'O', 'O', 'O', 'O']"
The weather station reported falling temperatures overnight.,"['The', 'weather', 'station', 'reported', 'falling', 'temperatures', 'overnight', '.']","['O', 'O', 'O', 'O', 'O', 'O', 'O', 'O']"
Glacier Peak remains one of the least visited volcanoes in Washington.,"['Glacier', 'Peak', 'remains', 'one', 'of', 'the', 'least', 'visited', 'volcanoes', 'in', 'Washington', '.']","['O', 'O', 'O', 'O', 'O', 'O', 'O', 'O', 'O', 'O', 'O', 'O']"
The quiet valley echoed with birdsong at dawn.,"['The', 'quiet', 'valley', 'echoed', 'with', 'birdsong', 'at', 'dawn', '.']","['O', 'O', 'O', 'O', 'O', 'O', 'O', 'O', 'O']"
Fuji inspired countless paintings and poems throughout Japanese history.,"['Fuji', 'inspired', 'countless', 'paintings', 'and', 'poems', 'throughout', 'Japanese', 'history', '.']","['B-MOUNTAIN', 'O', 'O', 'O', 'O', 'O', 'O', 'O', 'O', 'O']"
A wooden bridge crossed the icy river below.,"['A', 'wooden', 'bridge', 'crossed', 'the', 'icy', 'river', 'below', '.']","['O', 'O', 'O', 'O', 'O', 'O', 'O', 'O', 'O']"
Logan rises above vast wilderness in northwestern Canada.,"['Logan', 'rises', 'above', 'vast', 'wilderness', 'in', 'northwestern', 'Canada', '.']","['B-MOUNTAIN', 'O', 'O', 'O', 'O', 'O', 'O', 'O', 'O']"
The group celebrated after reaching the scenic overlook.,"['The', 'group', 'celebrated', 'after', 'reaching', 'the', 'scenic', 'overlook', '.']","['O', 'O', 'O', 'O', 'O', 'O', 'O', 'O', 'O']"
Kinabalu supports an extraordinary variety of plant species.,"['Kinabalu', 'supports', 'an', 'extraordinary', 'variety', 'of', 'plant', 'species', '.']","['B-MOUNTAIN', 'O', 'O', 'O', 'O', 'O', 'O', 'O', 'O']"
The fresh mountain air was incredibly refreshing.,"['The', 'fresh', 'mountain', 'air', 'was', 'incredibly', 'refreshing', '.']","['O', 'O', 'O', 'O', 'O', 'O', 'O', 'O']"
Ararat remained snow-covered despite the warm conditions below.,"['Ararat', 'remained', 'snow-covered', 'despite', 'the', 'warm', 'conditions', 'below', '.']","['B-MOUNTAIN', 'O', 'O', 'O', 'O', 'O', 'O', 'O', 'O']"
The guide encouraged everyone to leave no trace.,"['The', 'guide', 'encouraged', 'everyone', 'to', 'leave', 'no', 'trace', '.']","['O', 'O', 'O', 'O', 'O', 'O', 'O', 'O', 'O']"
Pelée dramatically changed the history of Martinique.,"['Pelée', 'dramatically', 'changed', 'the', 'history', 'of', 'Martinique', '.']","['O', 'O', 'O', 'O', 'O', 'O', 'O', 'O']"
The winding road revealed breathtaking views around every corner.,"['The', 'winding', 'road', 'revealed', 'breathtaking', 'views', 'around', 'every', 'corner', '.']","['O', 'O', 'O', 'O', 'O', 'O', 'O', 'O', 'O', 'O']"
Snowdon offers rewarding walks for hikers of all experience levels.,"['Snowdon', 'offers', 'rewarding', 'walks', 'for', 'hikers', 'of', 'all', 'experience', 'levels', '.']","['O', 'O', 'O', 'O', 'O', 'O', 'O', 'O', 'O', 'O', 'O']"
Cool mist drifted through the pine forest.,"['Cool', 'mist', 'drifted', 'through', 'the', 'pine', 'forest', '.']","['O', 'O', 'O', 'O', 'O', 'O', 'O', 'O']"
Everest attracts climbers from nearly every continent.,"['Everest', 'attracts', 'climbers', 'from', 'nearly', 'every', 'continent', '.']","['B-MOUNTAIN', 'O', 'O', 'O', 'O', 'O', 'O', 'O']"
The route became steeper after passing the old stone shelter.,"['The', 'route', 'became', 'steeper', 'after', 'passing', 'the', 'old', 'stone', 'shelter', '.']","['O', 'O', 'O', 'O', 'O', 'O', 'O', 'O', 'O', 'O', 'O']"
Elgon stretches across the border between Kenya and Uganda.,"['Elgon', 'stretches', 'across', 'the', 'border', 'between', 'Kenya', 'and', 'Uganda', '.']","['O', 'O', 'O', 'O', 'O', 'O', 'O', 'O', 'O', 'O']"
Our travel group arrived just before sunset.,"['Our', 'travel', 'group', 'arrived', 'just', 'before', 'sunset', '.']","['O', 'O', 'O', 'O', 'O', 'O', 'O', 'O']"
Ojos del Salado is the world's highest active volcano.,"['Ojos', 'del', 'Salado', 'is', 'the', ""world's"", 'highest', 'active', 'volcano', '.']","['B-MOUNTAIN', 'I-MOUNTAIN', 'I-MOUNTAIN', 'O', 'O', 'O', 'O', 'O', 'O', 'O']"
The peaceful landscape encouraged us to stay longer.,"['The', 'peaceful', 'landscape', 'encouraged', 'us', 'to', 'stay', 'longer', '.']","['O', 'O', 'O', 'O', 'O', 'O', 'O', 'O', 'O']"
Triglav symbolizes Slovenia's natural heritage.,"['Triglav', 'symbolizes', ""Slovenia's"", 'natural', 'heritage', '.']","['O', 'O', 'O', 'O', 'O', 'O']"
The clouds finally cleared after several hours of rain.,"['The', 'clouds', 'finally', 'cleared', 'after', 'several', 'hours', 'of', 'rain', '.']","['O', 'O', 'O', 'O', 'O', 'O', 'O', 'O', 'O', 'O']"
Assiniboine is often called the Matterhorn of the Canadian Rockies.,"['Assiniboine', 'is', 'often', 'called', 'the', 'Matterhorn', 'of', 'the', 'Canadian', 'Rockies', '.']","['O', 'O', 'O', 'O', 'O', 'O', 'O', 'O', 'O', 'O', 'O']"
The trail ended beside a beautiful glacial lake.,"['The', 'trail', 'ended', 'beside', 'a', 'beautiful', 'glacial', 'lake', '.']","['O', 'O', 'O', 'O', 'O', 'O', 'O', 'O', 'O']"
Makalu and Kangchenjunga stand among the highest mountains on Earth.,"['Makalu', 'and', 'Kangchenjunga', 'stand', 'among', 'the', 'highest', 'mountains', 'on', 'Earth', '.']","['O', 'O', 'O', 'O', 'O', 'O', 'O', 'O', 'O', 'O', 'O']"
The cool evening breeze marked the end of another unforgettable day.,"['The', 'cool', 'evening', 'breeze', 'marked', 'the', 'end', 'of', 'another', 'unforgettable', 'day', '.']","['O', 'O', 'O', 'O', 'O', 'O', 'O', 'O', 'O', 'O', 'O', 'O']"
Everest remained visible long after the surrounding hills disappeared into the clouds.,"['Everest', 'remained', 'visible', 'long', 'after', 'the', 'surrounding', 'hills', 'disappeared', 'into', 'the', 'clouds', '.']","['B-MOUNTAIN', 'O', 'O', 'O', 'O', 'O', 'O', 'O', 'O', 'O', 'O', 'O', 'O']"
The trail passed through a peaceful forest alive with birdsong.,"['The', 'trail', 'passed', 'through', 'a', 'peaceful', 'forest', 'alive', 'with', 'birdsong', '.']","['O', 'O', 'O', 'O', 'O', 'O', 'O', 'O', 'O', 'O', 'O']"
K2 stands as one of the world's most demanding climbing destinations.,"['K2', 'stands', 'as', 'one', 'of', 'the', ""world's"", 'most', 'demanding', 'climbing', 'destinations', '.']","['B-MOUNTAIN', 'O', 'O', 'O', 'O', 'O', 'O', 'O', 'O', 'O', 'O', 'O']"
A light drizzle made the rocky path slightly slippery.,"['A', 'light', 'drizzle', 'made', 'the', 'rocky', 'path', 'slightly', 'slippery', '.']","['O', 'O', 'O', 'O', 'O', 'O', 'O', 'O', 'O', 'O']"
Matterhorn and Dent Blanche create a spectacular skyline in the Swiss Alps.,"['Matterhorn', 'and', 'Dent', 'Blanche', 'create', 'a', 'spectacular', 'skyline', 'in', 'the', 'Swiss', 'Alps', '.']","['O', 'O', 'O', 'O', 'O', 'O', 'O', 'O', 'O', 'O', 'O', 'O', 'O']"
The guide suggested taking frequent breaks during the ascent.,"['The', 'guide', 'suggested', 'taking', 'frequent', 'breaks', 'during', 'the', 'ascent', '.']","['O', 'O', 'O', 'O', 'O', 'O', 'O', 'O', 'O', 'O']"
Kilimanjaro offers hikers an incredible journey through several climate zones.,"['Kilimanjaro', 'offers', 'hikers', 'an', 'incredible', 'journey', 'through', 'several', 'climate', 'zones', '.']","['B-MOUNTAIN', 'O', 'O', 'O', 'O', 'O', 'O', 'O', 'O', 'O', 'O']"
Our campsite overlooked a quiet valley surrounded by pine trees.,"['Our', 'campsite', 'overlooked', 'a', 'quiet', 'valley', 'surrounded', 'by', 'pine', 'trees', '.']","['O', 'O', 'O', 'O', 'O', 'O', 'O', 'O', 'O', 'O', 'O']"
Annapurna is famous for both its beauty and its challenging terrain.,"['Annapurna', 'is', 'famous', 'for', 'both', 'its', 'beauty', 'and', 'its', 'challenging', 'terrain', '.']","['B-MOUNTAIN', 'O', 'O', 'O', 'O', 'O', 'O', 'O', 'O', 'O', 'O', 'O']"
The forecast predicted sunny skies with cooler temperatures at higher elevations.,"['The', 'forecast', 'predicted', 'sunny', 'skies', 'with', 'cooler', 'temperatures', 'at', 'higher', 'elevations', '.']","['O', 'O', 'O', 'O', 'O', 'O', 'O', 'O', 'O', 'O', 'O', 'O']"
Denali rises dramatically above the Alaskan wilderness.,"['Denali', 'rises', 'dramatically', 'above', 'the', 'Alaskan', 'wilderness', '.']","['B-MOUNTAIN', 'O', 'O', 'O', 'O', 'O', 'O', 'O']"
We reached the summit just before the afternoon clouds arrived.,"['We', 'reached', 'the', 'summit', 'just', 'before', 'the', 'afternoon', 'clouds', 'arrived', '.']","['O', 'O', 'O', 'O', 'O', 'O', 'O', 'O', 'O', 'O', 'O']"
Mont Blanc remains one of Europe's most visited alpine destinations.,"['Mont', 'Blanc', 'remains', 'one', 'of', ""Europe's"", 'most', 'visited', 'alpine', 'destinations', '.']","['B-MOUNTAIN', 'I-MOUNTAIN', 'O', 'O', 'O', 'O', 'O', 'O', 'O', 'O', 'O']"
The valley echoed with the sound of distant waterfalls.,"['The', 'valley', 'echoed', 'with', 'the', 'sound', 'of', 'distant', 'waterfalls', '.']","['O', 'O', 'O', 'O', 'O', 'O', 'O', 'O', 'O', 'O']"
Everest and Cho Oyu belong to the vast Himalayan mountain system.,"['Everest', 'and', 'Cho', 'Oyu', 'belong', 'to', 'the', 'vast', 'Himalayan', 'mountain', 'system', '.']","['B-MOUNTAIN', 'O', 'O', 'O', 'O', 'O', 'O', 'O', 'O', 'O', 'O', 'O']"
A gentle breeze carried the scent of fresh grass across the meadow.,"['A', 'gentle', 'breeze', 'carried', 'the', 'scent', 'of', 'fresh', 'grass', 'across', 'the', 'meadow', '.']","['O', 'O', 'O', 'O', 'O', 'O', 'O', 'O', 'O', 'O', 'O', 'O', 'O']"
Fuji looked stunning beneath the clear evening sky.,"['Fuji', 'looked', 'stunning', 'beneath', 'the', 'clear', 'evening', 'sky', '.']","['B-MOUNTAIN', 'O', 'O', 'O', 'O', 'O', 'O', 'O', 'O']"
The hiking trail followed an old stone pathway through the hills.,"['The', 'hiking', 'trail', 'followed', 'an', 'old', 'stone', 'pathway', 'through', 'the', 'hills', '.']","['O', 'O', 'O', 'O', 'O', 'O', 'O', 'O', 'O', 'O', 'O', 'O']"
Lhotse shares part of its massive ridge with Everest.,"['Lhotse', 'shares', 'part', 'of', 'its', 'massive', 'ridge', 'with', 'Everest', '.']","['O', 'O', 'O', 'O', 'O', 'O', 'O', 'O', 'B-MOUNTAIN', 'O']"
The visitor center displayed detailed maps of nearby trails.,"['The', 'visitor', 'center', 'displayed', 'detailed', 'maps', 'of', 'nearby', 'trails', '.']","['O', 'O', 'O', 'O', 'O', 'O', 'O', 'O', 'O', 'O']"
Ben Nevis welcomed us with surprisingly calm weather.,"['Ben', 'Nevis', 'welcomed', 'us', 'with', 'surprisingly', 'calm', 'weather', '.']","['O', 'O', 'O', 'O', 'O', 'O', 'O', 'O', 'O']"
Heavy clouds gathered over the western horizon.,"['Heavy', 'clouds', 'gathered', 'over', 'the', 'western', 'horizon', '.']","['O', 'O', 'O', 'O', 'O', 'O', 'O', 'O']"
Makalu impressed everyone with its sharp pyramid-shaped summit.,"['Makalu', 'impressed', 'everyone', 'with', 'its', 'sharp', 'pyramid-shaped', 'summit', '.']","['O', 'O', 'O', 'O', 'O', 'O', 'O', 'O', 'O']"
The local café served hot tea after the chilly hike.,"['The', 'local', 'café', 'served', 'hot', 'tea', 'after', 'the', 'chilly', 'hike', '.']","['O', 'O', 'O', 'O', 'O', 'O', 'O', 'O', 'O', 'O', 'O']"
Rainier remains one of the most heavily glaciated peaks in the United States.,"['Rainier', 'remains', 'one', 'of', 'the', 'most', 'heavily', 'glaciated', 'peaks', 'in', 'the', 'United', 'States', '.']","['B-MOUNTAIN', 'O', 'O', 'O', 'O', 'O', 'O', 'O', 'O', 'O', 'O', 'O', 'O', 'O']"
We spotted several eagles circling above the cliffs.,"['We', 'spotted', 'several', 'eagles', 'circling', 'above', 'the', 'cliffs', '.']","['O', 'O', 'O', 'O', 'O', 'O', 'O', 'O', 'O']"
Dhaulagiri dominates the western Nepalese landscape.,"['Dhaulagiri', 'dominates', 'the', 'western', 'Nepalese', 'landscape', '.']","['B-MOUNTAIN', 'O', 'O', 'O', 'O', 'O', 'O']"
The wooden bridge crossed a fast-flowing mountain river.,"['The', 'wooden', 'bridge', 'crossed', 'a', 'fast-flowing', 'mountain', 'river', '.']","['O', 'O', 'O', 'O', 'O', 'O', 'O', 'O', 'O']"
Elbrus attracts visitors throughout both summer and winter.,"['Elbrus', 'attracts', 'visitors', 'throughout', 'both', 'summer', 'and', 'winter', '.']","['B-MOUNTAIN', 'O', 'O', 'O', 'O', 'O', 'O', 'O', 'O']"
The air became noticeably thinner as we continued climbing.,"['The', 'air', 'became', 'noticeably', 'thinner', 'as', 'we', 'continued', 'climbing', '.']","['O', 'O', 'O', 'O', 'O', 'O', 'O', 'O', 'O', 'O']"
Table Mountain provides panoramic views of Cape Town and the Atlantic Ocean.,"['Table', 'Mountain', 'provides', 'panoramic', 'views', 'of', 'Cape', 'Town', 'and', 'the', 'Atlantic', 'Ocean', '.']","['O', 'O', 'O', 'O', 'O', 'O', 'O', 'O', 'O', 'O', 'O', 'O', 'O']"
Several travelers stopped to photograph the colorful sunset.,"['Several', 'travelers', 'stopped', 'to', 'photograph', 'the', 'colorful', 'sunset', '.']","['O', 'O', 'O', 'O', 'O', 'O', 'O', 'O', 'O']"
Cook and Tasman dominate New Zealand's Southern Alps.,"['Cook', 'and', 'Tasman', 'dominate', 'New', ""Zealand's"", 'Southern', 'Alps', '.']","['O', 'O', 'O', 'O', 'O', 'O', 'O', 'O', 'O']"
Our guide shared fascinating geological facts during the trek.,"['Our', 'guide', 'shared', 'fascinating', 'geological', 'facts', 'during', 'the', 'trek', '.']","['O', 'O', 'O', 'O', 'O', 'O', 'O', 'O', 'O', 'O']"
Toubkal is a favorite destination for trekkers exploring Morocco.,"['Toubkal', 'is', 'a', 'favorite', 'destination', 'for', 'trekkers', 'exploring', 'Morocco', '.']","['B-MOUNTAIN', 'O', 'O', 'O', 'O', 'O', 'O', 'O', 'O', 'O']"
The weather remained stable for the entire expedition.,"['The', 'weather', 'remained', 'stable', 'for', 'the', 'entire', 'expedition', '.']","['O', 'O', 'O', 'O', 'O', 'O', 'O', 'O', 'O']"
Aconcagua rises high above the surrounding Andes.,"['Aconcagua', 'rises', 'high', 'above', 'the', 'surrounding', 'Andes', '.']","['B-MOUNTAIN', 'O', 'O', 'O', 'O', 'O', 'O', 'O']"
The forest became quieter as evening approached.,"['The', 'forest', 'became', 'quieter', 'as', 'evening', 'approached', '.']","['O', 'O', 'O', 'O', 'O', 'O', 'O', 'O']"
Merapi continues to remind nearby communities of nature's power.,"['Merapi', 'continues', 'to', 'remind', 'nearby', 'communities', 'of', ""nature's"", 'power', '.']","['O', 'O', 'O', 'O', 'O', 'O', 'O', 'O', 'O', 'O']"
The narrow path climbed steadily toward the ridge.,"['The', 'narrow', 'path', 'climbed', 'steadily', 'toward', 'the', 'ridge', '.']","['O', 'O', 'O', 'O', 'O', 'O', 'O', 'O', 'O']"
Whitney rewards hikers with spectacular views across the Sierra Nevada.,"['Whitney', 'rewards', 'hikers', 'with', 'spectacular', 'views', 'across', 'the', 'Sierra', 'Nevada', '.']","['B-MOUNTAIN', 'O', 'O', 'O', 'O', 'O', 'O', 'O', 'O', 'O', 'O']"
The morning fog slowly disappeared after sunrise.,"['The', 'morning', 'fog', 'slowly', 'disappeared', 'after', 'sunrise', '.']","['O', 'O', 'O', 'O', 'O', 'O', 'O', 'O']"
"Eiger, Mönch, and Jungfrau attract climbers from around the globe.","['Eiger', ',', 'Mönch', ',', 'and', 'Jungfrau', 'attract', 'climbers', 'from', 'around', 'the', 'globe', '.']","['O', 'O', 'O', 'O', 'O', 'O', 'O', 'O', 'O', 'O', 'O', 'O', 'O']"
We paused to refill our water bottles beside a spring.,"['We', 'paused', 'to', 'refill', 'our', 'water', 'bottles', 'beside', 'a', 'spring', '.']","['O', 'O', 'O', 'O', 'O', 'O', 'O', 'O', 'O', 'O', 'O']"
Kinabalu is home to thousands of unique plant species.,"['Kinabalu', 'is', 'home', 'to', 'thousands', 'of', 'unique', 'plant', 'species', '.']","['B-MOUNTAIN', 'O', 'O', 'O', 'O', 'O', 'O', 'O', 'O', 'O']"
The clear night sky revealed countless stars above the campsite.,"['The', 'clear', 'night', 'sky', 'revealed', 'countless', 'stars', 'above', 'the', 'campsite', '.']","['O', 'O', 'O', 'O', 'O', 'O', 'O', 'O', 'O', 'O', 'O']"
Kangchenjunga remained partially hidden behind drifting clouds.,"['Kangchenjunga', 'remained', 'partially', 'hidden', 'behind', 'drifting', 'clouds', '.']","['O', 'O', 'O', 'O', 'O', 'O', 'O', 'O']"
The guide recommended wearing waterproof boots after recent rainfall.,"['The', 'guide', 'recommended', 'wearing', 'waterproof', 'boots', 'after', 'recent', 'rainfall', '.']","['O', 'O', 'O', 'O', 'O', 'O', 'O', 'O', 'O', 'O']"
Shasta appeared especially beautiful after the overnight snowfall.,"['Shasta', 'appeared', 'especially', 'beautiful', 'after', 'the', 'overnight', 'snowfall', '.']","['B-MOUNTAIN', 'O', 'O', 'O', 'O', 'O', 'O', 'O', 'O']"
The winding trail offered unforgettable valley views.,"['The', 'winding', 'trail', 'offered', 'unforgettable', 'valley', 'views', '.']","['O', 'O', 'O', 'O', 'O', 'O', 'O', 'O']"
Popocatépetl is closely monitored because of ongoing volcanic activity.,"['Popocatépetl', 'is', 'closely', 'monitored', 'because', 'of', 'ongoing', 'volcanic', 'activity', '.']","['O', 'O', 'O', 'O', 'O', 'O', 'O', 'O', 'O', 'O']"
A cool wind swept across the exposed ridge.,"['A', 'cool', 'wind', 'swept', 'across', 'the', 'exposed', 'ridge', '.']","['O', 'O', 'O', 'O', 'O', 'O', 'O', 'O', 'O']"
Ama Dablam is admired for its elegant silhouette.,"['Ama', 'Dablam', 'is', 'admired', 'for', 'its', 'elegant', 'silhouette', '.']","['O', 'O', 'O', 'O', 'O', 'O', 'O', 'O', 'O']"
The journey became easier once the steep climb ended.,"['The', 'journey', 'became', 'easier', 'once', 'the', 'steep', 'climb', 'ended', '.']","['O', 'O', 'O', 'O', 'O', 'O', 'O', 'O', 'O', 'O']"
Baker and Glacier Peak often receive significant snowfall each winter.,"['Baker', 'and', 'Glacier', 'Peak', 'often', 'receive', 'significant', 'snowfall', 'each', 'winter', '.']","['O', 'O', 'O', 'O', 'O', 'O', 'O', 'O', 'O', 'O', 'O']"
The surrounding meadows were covered with blooming wildflowers.,"['The', 'surrounding', 'meadows', 'were', 'covered', 'with', 'blooming', 'wildflowers', '.']","['O', 'O', 'O', 'O', 'O', 'O', 'O', 'O', 'O']"
Fuji attracts millions of visitors every year.,"['Fuji', 'attracts', 'millions', 'of', 'visitors', 'every', 'year', '.']","['B-MOUNTAIN', 'O', 'O', 'O', 'O', 'O', 'O', 'O']"
The observation platform overlooked a peaceful alpine lake.,"['The', 'observation', 'platform', 'overlooked', 'a', 'peaceful', 'alpine', 'lake', '.']","['O', 'O', 'O', 'O', 'O', 'O', 'O', 'O', 'O']"
Kosciuszko provides gentle hiking opportunities for families.,"['Kosciuszko', 'provides', 'gentle', 'hiking', 'opportunities', 'for', 'families', '.']","['O', 'O', 'O', 'O', 'O', 'O', 'O', 'O']"
The travel blog recommended arriving before sunrise.,"['The', 'travel', 'blog', 'recommended', 'arriving', 'before', 'sunrise', '.']","['O', 'O', 'O', 'O', 'O', 'O', 'O', 'O']"
Ararat dominates the horizon on clear autumn mornings.,"['Ararat', 'dominates', 'the', 'horizon', 'on', 'clear', 'autumn', 'mornings', '.']","['B-MOUNTAIN', 'O', 'O', 'O', 'O', 'O', 'O', 'O', 'O']"
The rocky slope required careful footing throughout the climb.,"['The', 'rocky', 'slope', 'required', 'careful', 'footing', 'throughout', 'the', 'climb', '.']","['O', 'O', 'O', 'O', 'O', 'O', 'O', 'O', 'O', 'O']"
Semeru is the tallest mountain on the island of Java.,"['Semeru', 'is', 'the', 'tallest', 'mountain', 'on', 'the', 'island', 'of', 'Java', '.']","['B-MOUNTAIN', 'O', 'O', 'O', 'O', 'O', 'O', 'O', 'O', 'O', 'O']"
The afternoon sunshine warmed the valley floor.,"['The', 'afternoon', 'sunshine', 'warmed', 'the', 'valley', 'floor', '.']","['O', 'O', 'O', 'O', 'O', 'O', 'O', 'O']"
"Everest, Makalu, and Lhotse formed an unforgettable Himalayan panorama.","['Everest', ',', 'Makalu', ',', 'and', 'Lhotse', 'formed', 'an', 'unforgettable', 'Himalayan', 'panorama', '.']","['B-MOUNTAIN', 'O', 'O', 'O', 'O', 'O', 'O', 'O', 'O', 'O', 'O', 'O']"
Our group celebrated after completing the longest section of the trail.,"['Our', 'group', 'celebrated', 'after', 'completing', 'the', 'longest', 'section', 'of', 'the', 'trail', '.']","['O', 'O', 'O', 'O', 'O', 'O', 'O', 'O', 'O', 'O', 'O', 'O']"
Damavand appears frequently in Persian legends and literature.,"['Damavand', 'appears', 'frequently', 'in', 'Persian', 'legends', 'and', 'literature', '.']","['B-MOUNTAIN', 'O', 'O', 'O', 'O', 'O', 'O', 'O', 'O']"
The fresh mountain air made everyone feel energized.,"['The', 'fresh', 'mountain', 'air', 'made', 'everyone', 'feel', 'energized', '.']","['O', 'O', 'O', 'O', 'O', 'O', 'O', 'O', 'O']"
Robson towers above the surrounding Canadian wilderness.,"['Robson', 'towers', 'above', 'the', 'surrounding', 'Canadian', 'wilderness', '.']","['B-MOUNTAIN', 'O', 'O', 'O', 'O', 'O', 'O', 'O']"
The forecast warned hikers about strong winds near the summit.,"['The', 'forecast', 'warned', 'hikers', 'about', 'strong', 'winds', 'near', 'the', 'summit', '.']","['O', 'O', 'O', 'O', 'O', 'O', 'O', 'O', 'O', 'O', 'O']"
Nanga Parbat has challenged generations of experienced mountaineers.,"['Nanga', 'Parbat', 'has', 'challenged', 'generations', 'of', 'experienced', 'mountaineers', '.']","['B-MOUNTAIN', 'I-MOUNTAIN', 'O', 'O', 'O', 'O', 'O', 'O', 'O']"
We watched the sunrise from a quiet viewpoint overlooking the valley.,"['We', 'watched', 'the', 'sunrise', 'from', 'a', 'quiet', 'viewpoint', 'overlooking', 'the', 'valley', '.']","['O', 'O', 'O', 'O', 'O', 'O', 'O', 'O', 'O', 'O', 'O', 'O']"
Bromo creates spectacular volcanic scenery before dawn.,"['Bromo', 'creates', 'spectacular', 'volcanic', 'scenery', 'before', 'dawn', '.']","['O', 'O', 'O', 'O', 'O', 'O', 'O', 'O']"
The trail crossed several small wooden bridges.,"['The', 'trail', 'crossed', 'several', 'small', 'wooden', 'bridges', '.']","['O', 'O', 'O', 'O', 'O', 'O', 'O', 'O']"
Cho Oyu is one of the world's fourteen peaks above eight thousand meters.,"['Cho', 'Oyu', 'is', 'one', 'of', 'the', ""world's"", 'fourteen', 'peaks', 'above', 'eight', 'thousand', 'meters', '.']","['O', 'O', 'O', 'O', 'O', 'O', 'O', 'O', 'O', 'O', 'O', 'O', 'O', 'O']"
The campsite remained peaceful throughout the night.,"['The', 'campsite', 'remained', 'peaceful', 'throughout', 'the', 'night', '.']","['O', 'O', 'O', 'O', 'O', 'O', 'O', 'O']"
Logan is Canada's highest mountain by elevation.,"['Logan', 'is', ""Canada's"", 'highest', 'mountain', 'by', 'elevation', '.']","['B-MOUNTAIN', 'O', 'O', 'O', 'O', 'O', 'O', 'O']"
A family of deer crossed the trail ahead of us.,"['A', 'family', 'of', 'deer', 'crossed', 'the', 'trail', 'ahead', 'of', 'us', '.']","['O', 'O', 'O', 'O', 'O', 'O', 'O', 'O', 'O', 'O', 'O']"
Teide rises above Tenerife with an unmistakable volcanic profile.,"['Teide', 'rises', 'above', 'Tenerife', 'with', 'an', 'unmistakable', 'volcanic', 'profile', '.']","['B-MOUNTAIN', 'O', 'O', 'O', 'O', 'O', 'O', 'O', 'O', 'O']"
The guide pointed out unusual rock formations beside the path.,"['The', 'guide', 'pointed', 'out', 'unusual', 'rock', 'formations', 'beside', 'the', 'path', '.']","['O', 'O', 'O', 'O', 'O', 'O', 'O', 'O', 'O', 'O', 'O']"
Manaslu attracts climbers seeking quieter Himalayan expeditions.,"['Manaslu', 'attracts', 'climbers', 'seeking', 'quieter', 'Himalayan', 'expeditions', '.']","['B-MOUNTAIN', 'O', 'O', 'O', 'O', 'O', 'O', 'O']"
The river flowed swiftly through the narrow canyon.,"['The', 'river', 'flowed', 'swiftly', 'through', 'the', 'narrow', 'canyon', '.']","['O', 'O', 'O', 'O', 'O', 'O', 'O', 'O', 'O']"
Elgon contains one of the largest volcanic calderas in the world.,"['Elgon', 'contains', 'one', 'of', 'the', 'largest', 'volcanic', 'calderas', 'in', 'the', 'world', '.']","['O', 'O', 'O', 'O', 'O', 'O', 'O', 'O', 'O', 'O', 'O', 'O']"
Birdsong filled the forest throughout the early morning.,"['Birdsong', 'filled', 'the', 'forest', 'throughout', 'the', 'early', 'morning', '.']","['O', 'O', 'O', 'O', 'O', 'O', 'O', 'O', 'O']"
Triglav is deeply connected to Slovenia's national identity.,"['Triglav', 'is', 'deeply', 'connected', 'to', ""Slovenia's"", 'national', 'identity', '.']","['O', 'O', 'O', 'O', 'O', 'O', 'O', 'O', 'O']"
We packed extra food before beginning the hike.,"['We', 'packed', 'extra', 'food', 'before', 'beginning', 'the', 'hike', '.']","['O', 'O', 'O', 'O', 'O', 'O', 'O', 'O', 'O']"
Pelée transformed the surrounding landscape during its famous eruption.,"['Pelée', 'transformed', 'the', 'surrounding', 'landscape', 'during', 'its', 'famous', 'eruption', '.']","['O', 'O', 'O', 'O', 'O', 'O', 'O', 'O', 'O', 'O']"
The weather changed rapidly after midday.,"['The', 'weather', 'changed', 'rapidly', 'after', 'midday', '.']","['O', 'O', 'O', 'O', 'O', 'O', 'O']"
Rinjani features a breathtaking crater lake near its summit.,"['Rinjani', 'features', 'a', 'breathtaking', 'crater', 'lake', 'near', 'its', 'summit', '.']","['B-MOUNTAIN', 'O', 'O', 'O', 'O', 'O', 'O', 'O', 'O', 'O']"
Our hiking group enjoyed a well-earned rest beside the stream.,"['Our', 'hiking', 'group', 'enjoyed', 'a', 'well-earned', 'rest', 'beside', 'the', 'stream', '.']","['O', 'O', 'O', 'O', 'O', 'O', 'O', 'O', 'O', 'O', 'O']"
Kazbek rises above picturesque villages in the Caucasus.,"['Kazbek', 'rises', 'above', 'picturesque', 'villages', 'in', 'the', 'Caucasus', '.']","['O', 'O', 'O', 'O', 'O', 'O', 'O', 'O', 'O']"
The valley looked especially beautiful after fresh rainfall.,"['The', 'valley', 'looked', 'especially', 'beautiful', 'after', 'fresh', 'rainfall', '.']","['O', 'O', 'O', 'O', 'O', 'O', 'O', 'O', 'O']"
Assiniboine resembles a perfect pyramid from many viewpoints.,"['Assiniboine', 'resembles', 'a', 'perfect', 'pyramid', 'from', 'many', 'viewpoints', '.']","['O', 'O', 'O', 'O', 'O', 'O', 'O', 'O', 'O']"
The path curved gently through fields of colorful wildflowers.,"['The', 'path', 'curved', 'gently', 'through', 'fields', 'of', 'colorful', 'wildflowers', '.']","['O', 'O', 'O', 'O', 'O', 'O', 'O', 'O', 'O', 'O']"
Everest continues to inspire explorers from around the world.,"['Everest', 'continues', 'to', 'inspire', 'explorers', 'from', 'around', 'the', 'world', '.']","['B-MOUNTAIN', 'O', 'O', 'O', 'O', 'O', 'O', 'O', 'O', 'O']"
The final climb rewarded us with magnificent panoramic views.,"['The', 'final', 'climb', 'rewarded', 'us', 'with', 'magnificent', 'panoramic', 'views', '.']","['O', 'O', 'O', 'O', 'O', 'O', 'O', 'O', 'O', 'O']"
Many hikers dream of standing on the summit of Mount Everest at least once in their lives.,"['Many', 'hikers', 'dream', 'of', 'standing', 'on', 'the', 'summit', 'of', 'Mount', 'Everest', 'at', 'least', 'once', 'in', 'their', 'lives', '.']","['O', 'O', 'O', 'O', 'O', 'O', 'O', 'O', 'O', 'B-MOUNTAIN', 'I-MOUNTAIN', 'O', 'O', 'O', 'O', 'O', 'O', 'O']"
"The trail was muddy after last night's rain, but the forest looked more beautiful than ever.","['The', 'trail', 'was', 'muddy', 'after', 'last', ""night's"", 'rain', ',', 'but', 'the', 'forest', 'looked', 'more', 'beautiful', 'than', 'ever', '.']","['O', 'O', 'O', 'O', 'O', 'O', 'O', 'O', 'O', 'O', 'O', 'O', 'O', 'O', 'O', 'O', 'O', 'O']"
Mont Blanc attracts climbers from around the world every summer.,"['Mont', 'Blanc', 'attracts', 'climbers', 'from', 'around', 'the', 'world', 'every', 'summer', '.']","['B-MOUNTAIN', 'I-MOUNTAIN', 'O', 'O', 'O', 'O', 'O', 'O', 'O', 'O', 'O']"
The sunrise over Mount Fuji painted the sky with shades of orange and pink.,"['The', 'sunrise', 'over', 'Mount', 'Fuji', 'painted', 'the', 'sky', 'with', 'shades', 'of', 'orange', 'and', 'pink', '.']","['O', 'O', 'O', 'B-MOUNTAIN', 'I-MOUNTAIN', 'O', 'O', 'O', 'O', 'O', 'O', 'O', 'O', 'O', 'O']"
Our guide explained how glaciers slowly reshape mountain landscapes over thousands of years.,"['Our', 'guide', 'explained', 'how', 'glaciers', 'slowly', 'reshape', 'mountain', 'landscapes', 'over', 'thousands', 'of', 'years', '.']","['O', 'O', 'O', 'O', 'O', 'O', 'O', 'O', 'O', 'O', 'O', 'O', 'O', 'O']"
Kanchenjunga remains one of the world's most challenging high peaks.,"['Kanchenjunga', 'remains', 'one', 'of', 'the', ""world's"", 'most', 'challenging', 'high', 'peaks', '.']","['B-MOUNTAIN', 'O', 'O', 'O', 'O', 'O', 'O', 'O', 'O', 'O', 'O']"
The forecast predicts strong winds across the alpine region this afternoon.,"['The', 'forecast', 'predicts', 'strong', 'winds', 'across', 'the', 'alpine', 'region', 'this', 'afternoon', '.']","['O', 'O', 'O', 'O', 'O', 'O', 'O', 'O', 'O', 'O', 'O', 'O']"
Hikers often compare the technical demands of K2 and Broad Peak.,"['Hikers', 'often', 'compare', 'the', 'technical', 'demands', 'of', 'K2', 'and', 'Broad', 'Peak', '.']","['O', 'O', 'O', 'O', 'O', 'O', 'O', 'B-MOUNTAIN', 'O', 'B-MOUNTAIN', 'I-MOUNTAIN', 'O']"
We packed extra water because the weather was expected to become unusually warm.,"['We', 'packed', 'extra', 'water', 'because', 'the', 'weather', 'was', 'expected', 'to', 'become', 'unusually', 'warm', '.']","['O', 'O', 'O', 'O', 'O', 'O', 'O', 'O', 'O', 'O', 'O', 'O', 'O', 'O']"
The cable car offers spectacular views of Teide and the surrounding volcanic terrain.,"['The', 'cable', 'car', 'offers', 'spectacular', 'views', 'of', 'Teide', 'and', 'the', 'surrounding', 'volcanic', 'terrain', '.']","['O', 'O', 'O', 'O', 'O', 'O', 'O', 'B-MOUNTAIN', 'O', 'O', 'O', 'O', 'O', 'O']"
Mount Kilimanjaro is famous for allowing trekkers to climb from tropical forests to icy slopes.,"['Mount', 'Kilimanjaro', 'is', 'famous', 'for', 'allowing', 'trekkers', 'to', 'climb', 'from', 'tropical', 'forests', 'to', 'icy', 'slopes', '.']","['B-MOUNTAIN', 'I-MOUNTAIN', 'O', 'O', 'O', 'O', 'O', 'O', 'O', 'O', 'O', 'O', 'O', 'O', 'O', 'O']"
Snowfall can quickly change trail conditions even during late spring.,"['Snowfall', 'can', 'quickly', 'change', 'trail', 'conditions', 'even', 'during', 'late', 'spring', '.']","['O', 'O', 'O', 'O', 'O', 'O', 'O', 'O', 'O', 'O', 'O']"
The expedition crossed remote valleys before reaching Manaslu Base Camp.,"['The', 'expedition', 'crossed', 'remote', 'valleys', 'before', 'reaching', 'Manaslu', 'Base', 'Camp', '.']","['O', 'O', 'O', 'O', 'O', 'O', 'O', 'B-MOUNTAIN', 'O', 'O', 'O']"
Tourists visiting Denali often hope to spot bears and moose along the park roads.,"['Tourists', 'visiting', 'Denali', 'often', 'hope', 'to', 'spot', 'bears', 'and', 'moose', 'along', 'the', 'park', 'roads', '.']","['O', 'O', 'B-MOUNTAIN', 'O', 'O', 'O', 'O', 'O', 'O', 'O', 'O', 'O', 'O', 'O', 'O']"
Local villagers shared stories about Mount Kenya that had been passed down for generations.,"['Local', 'villagers', 'shared', 'stories', 'about', 'Mount', 'Kenya', 'that', 'had', 'been', 'passed', 'down', 'for', 'generations', '.']","['O', 'O', 'O', 'O', 'O', 'B-MOUNTAIN', 'I-MOUNTAIN', 'O', 'O', 'O', 'O', 'O', 'O', 'O', 'O']"
The geology lecture focused on how volcanic mountains are formed.,"['The', 'geology', 'lecture', 'focused', 'on', 'how', 'volcanic', 'mountains', 'are', 'formed', '.']","['O', 'O', 'O', 'O', 'O', 'O', 'O', 'O', 'O', 'O', 'O']"
Climbers preparing for Dhaulagiri spend months improving their endurance.,"['Climbers', 'preparing', 'for', 'Dhaulagiri', 'spend', 'months', 'improving', 'their', 'endurance', '.']","['O', 'O', 'O', 'B-MOUNTAIN', 'O', 'O', 'O', 'O', 'O', 'O']"
Annapurna has earned a reputation for demanding extreme caution from mountaineers.,"['Annapurna', 'has', 'earned', 'a', 'reputation', 'for', 'demanding', 'extreme', 'caution', 'from', 'mountaineers', '.']","['B-MOUNTAIN', 'O', 'O', 'O', 'O', 'O', 'O', 'O', 'O', 'O', 'O', 'O']"
"The hiking route offered quiet lakes, wildflowers, and breathtaking scenery.","['The', 'hiking', 'route', 'offered', 'quiet', 'lakes', ',', 'wildflowers', ',', 'and', 'breathtaking', 'scenery', '.']","['O', 'O', 'O', 'O', 'O', 'O', 'O', 'O', 'O', 'O', 'O', 'O', 'O']"
Aoraki looked magnificent as fresh snow covered its highest ridges.,"['Aoraki', 'looked', 'magnificent', 'as', 'fresh', 'snow', 'covered', 'its', 'highest', 'ridges', '.']","['B-MOUNTAIN', 'O', 'O', 'O', 'O', 'O', 'O', 'O', 'O', 'O', 'O']"
Mount Elbrus and Mont Blanc are both popular goals for European mountaineers.,"['Mount', 'Elbrus', 'and', 'Mont', 'Blanc', 'are', 'both', 'popular', 'goals', 'for', 'European', 'mountaineers', '.']","['B-MOUNTAIN', 'I-MOUNTAIN', 'O', 'B-MOUNTAIN', 'I-MOUNTAIN', 'O', 'O', 'O', 'O', 'O', 'O', 'O', 'O']"
Clouds gathered around Mount Rainier shortly before sunset.,"['Clouds', 'gathered', 'around', 'Mount', 'Rainier', 'shortly', 'before', 'sunset', '.']","['O', 'O', 'O', 'B-MOUNTAIN', 'I-MOUNTAIN', 'O', 'O', 'O', 'O']"
Some expeditions to Nanga Parbat have been delayed by severe storms.,"['Some', 'expeditions', 'to', 'Nanga', 'Parbat', 'have', 'been', 'delayed', 'by', 'severe', 'storms', '.']","['O', 'O', 'O', 'B-MOUNTAIN', 'I-MOUNTAIN', 'O', 'O', 'O', 'O', 'O', 'O', 'O']"
"The visitor center provides maps, safety advice, and information about local wildlife.","['The', 'visitor', 'center', 'provides', 'maps', ',', 'safety', 'advice', ',', 'and', 'information', 'about', 'local', 'wildlife', '.']","['O', 'O', 'O', 'O', 'O', 'O', 'O', 'O', 'O', 'O', 'O', 'O', 'O', 'O', 'O']"
Experienced climbers often train on Mount Shasta before attempting more difficult objectives.,"['Experienced', 'climbers', 'often', 'train', 'on', 'Mount', 'Shasta', 'before', 'attempting', 'more', 'difficult', 'objectives', '.']","['O', 'O', 'O', 'O', 'O', 'B-MOUNTAIN', 'I-MOUNTAIN', 'O', 'O', 'O', 'O', 'O', 'O']"
Chimborazo's summit is the farthest point from Earth's center because of the planet's shape.,"[""Chimborazo's"", 'summit', 'is', 'the', 'farthest', 'point', 'from', ""Earth's"", 'center', 'because', 'of', 'the', ""planet's"", 'shape', '.']","['O', 'O', 'O', 'O', 'O', 'O', 'O', 'O', 'O', 'O', 'O', 'O', 'O', 'O', 'O']"
The mountain refuge served hot soup after a long day on the trail.,"['The', 'mountain', 'refuge', 'served', 'hot', 'soup', 'after', 'a', 'long', 'day', 'on', 'the', 'trail', '.']","['O', 'O', 'O', 'O', 'O', 'O', 'O', 'O', 'O', 'O', 'O', 'O', 'O', 'O']"
Rakaposhi rises dramatically above the surrounding valleys.,"['Rakaposhi', 'rises', 'dramatically', 'above', 'the', 'surrounding', 'valleys', '.']","['B-MOUNTAIN', 'O', 'O', 'O', 'O', 'O', 'O', 'O']"
"Mount Logan is higher than Mount Lucania, and both stand in Canada's rugged wilderness.","['Mount', 'Logan', 'is', 'higher', 'than', 'Mount', 'Lucania', ',', 'and', 'both', 'stand', 'in', ""Canada's"", 'rugged', 'wilderness', '.']","['B-MOUNTAIN', 'I-MOUNTAIN', 'O', 'O', 'O', 'B-MOUNTAIN', 'I-MOUNTAIN', 'O', 'O', 'O', 'O', 'O', 'O', 'O', 'O', 'O']"
The path became steeper with every kilometer we climbed.,"['The', 'path', 'became', 'steeper', 'with', 'every', 'kilometer', 'we', 'climbed', '.']","['O', 'O', 'O', 'O', 'O', 'O', 'O', 'O', 'O', 'O']"
Volcanic activity at Mount Etna continues to attract scientists and curious travelers.,"['Volcanic', 'activity', 'at', 'Mount', 'Etna', 'continues', 'to', 'attract', 'scientists', 'and', 'curious', 'travelers', '.']","['O', 'O', 'O', 'B-MOUNTAIN', 'I-MOUNTAIN', 'O', 'O', 'O', 'O', 'O', 'O', 'O', 'O']"
Pico de Orizaba is the tallest mountain in Mexico.,"['Pico', 'de', 'Orizaba', 'is', 'the', 'tallest', 'mountain', 'in', 'Mexico', '.']","['B-MOUNTAIN', 'I-MOUNTAIN', 'I-MOUNTAIN', 'O', 'O', 'O', 'O', 'O', 'O', 'O']"
Morning fog reduced visibility across the high ridges.,"['Morning', 'fog', 'reduced', 'visibility', 'across', 'the', 'high', 'ridges', '.']","['O', 'O', 'O', 'O', 'O', 'O', 'O', 'O', 'O']"
Mount Agung and Mount Rinjani are well known for their volcanic landscapes.,"['Mount', 'Agung', 'and', 'Mount', 'Rinjani', 'are', 'well', 'known', 'for', 'their', 'volcanic', 'landscapes', '.']","['B-MOUNTAIN', 'I-MOUNTAIN', 'O', 'B-MOUNTAIN', 'I-MOUNTAIN', 'O', 'O', 'O', 'O', 'O', 'O', 'O', 'O']"
A gentle breeze made the hike much more comfortable.,"['A', 'gentle', 'breeze', 'made', 'the', 'hike', 'much', 'more', 'comfortable', '.']","['O', 'O', 'O', 'O', 'O', 'O', 'O', 'O', 'O', 'O']"
The history museum displayed photographs from early expeditions to Mount Blackburn.,"['The', 'history', 'museum', 'displayed', 'photographs', 'from', 'early', 'expeditions', 'to', 'Mount', 'Blackburn', '.']","['O', 'O', 'O', 'O', 'O', 'O', 'O', 'O', 'O', 'B-MOUNTAIN', 'I-MOUNTAIN', 'O']"
Tirich Mir dominates the skyline of northern Pakistan.,"['Tirich', 'Mir', 'dominates', 'the', 'skyline', 'of', 'northern', 'Pakistan', '.']","['B-MOUNTAIN', 'I-MOUNTAIN', 'O', 'O', 'O', 'O', 'O', 'O', 'O']"
Several photographers waited patiently for the clouds to clear.,"['Several', 'photographers', 'waited', 'patiently', 'for', 'the', 'clouds', 'to', 'clear', '.']","['O', 'O', 'O', 'O', 'O', 'O', 'O', 'O', 'O', 'O']"
Shishapangma is the lowest of the world's fourteen eight-thousand-meter peaks.,"['Shishapangma', 'is', 'the', 'lowest', 'of', 'the', ""world's"", 'fourteen', 'eight-thousand-meter', 'peaks', '.']","['B-MOUNTAIN', 'O', 'O', 'O', 'O', 'O', 'O', 'O', 'O', 'O', 'O']"
Mount Cameroon offers diverse ecosystems from rainforest to volcanic slopes.,"['Mount', 'Cameroon', 'offers', 'diverse', 'ecosystems', 'from', 'rainforest', 'to', 'volcanic', 'slopes', '.']","['B-MOUNTAIN', 'I-MOUNTAIN', 'O', 'O', 'O', 'O', 'O', 'O', 'O', 'O', 'O']"
The weather improved just in time for the afternoon ascent.,"['The', 'weather', 'improved', 'just', 'in', 'time', 'for', 'the', 'afternoon', 'ascent', '.']","['O', 'O', 'O', 'O', 'O', 'O', 'O', 'O', 'O', 'O', 'O']"
Mount Robson is widely admired for its dramatic appearance.,"['Mount', 'Robson', 'is', 'widely', 'admired', 'for', 'its', 'dramatic', 'appearance', '.']","['B-MOUNTAIN', 'I-MOUNTAIN', 'O', 'O', 'O', 'O', 'O', 'O', 'O', 'O']"
Belukha Mountain marks part of the border region between Kazakhstan and China.,"['Belukha', 'Mountain', 'marks', 'part', 'of', 'the', 'border', 'region', 'between', 'Kazakhstan', 'and', 'China', '.']","['B-MOUNTAIN', 'I-MOUNTAIN', 'O', 'O', 'O', 'O', 'O', 'O', 'O', 'O', 'O', 'O', 'O']"
Scientists continue to monitor Mount Erebus because of its persistent volcanic activity.,"['Scientists', 'continue', 'to', 'monitor', 'Mount', 'Erebus', 'because', 'of', 'its', 'persistent', 'volcanic', 'activity', '.']","['O', 'O', 'O', 'O', 'B-MOUNTAIN', 'I-MOUNTAIN', 'O', 'O', 'O', 'O', 'O', 'O', 'O']"
Our boots were soaked before we reached the first viewpoint.,"['Our', 'boots', 'were', 'soaked', 'before', 'we', 'reached', 'the', 'first', 'viewpoint', '.']","['O', 'O', 'O', 'O', 'O', 'O', 'O', 'O', 'O', 'O', 'O']"
The snowfields of Mount Cook sparkle brilliantly under clear blue skies.,"['The', 'snowfields', 'of', 'Mount', 'Cook', 'sparkle', 'brilliantly', 'under', 'clear', 'blue', 'skies', '.']","['O', 'O', 'O', 'B-MOUNTAIN', 'I-MOUNTAIN', 'O', 'O', 'O', 'O', 'O', 'O', 'O']"
Mount Saint Elias and Mount Fairweather rise above spectacular coastal landscapes.,"['Mount', 'Saint', 'Elias', 'and', 'Mount', 'Fairweather', 'rise', 'above', 'spectacular', 'coastal', 'landscapes', '.']","['B-MOUNTAIN', 'I-MOUNTAIN', 'I-MOUNTAIN', 'O', 'B-MOUNTAIN', 'I-MOUNTAIN', 'O', 'O', 'O', 'O', 'O', 'O']"
The guide recommended starting before dawn to avoid afternoon thunderstorms.,"['The', 'guide', 'recommended', 'starting', 'before', 'dawn', 'to', 'avoid', 'afternoon', 'thunderstorms', '.']","['O', 'O', 'O', 'O', 'O', 'O', 'O', 'O', 'O', 'O', 'O']"
Semeru frequently releases ash into the atmosphere.,"['Semeru', 'frequently', 'releases', 'ash', 'into', 'the', 'atmosphere', '.']","['B-MOUNTAIN', 'O', 'O', 'O', 'O', 'O', 'O', 'O']"
The trail to Pico Duarte passes through beautiful pine forests.,"['The', 'trail', 'to', 'Pico', 'Duarte', 'passes', 'through', 'beautiful', 'pine', 'forests', '.']","['O', 'O', 'O', 'B-MOUNTAIN', 'I-MOUNTAIN', 'O', 'O', 'O', 'O', 'O', 'O']"
Climbers often debate whether Denali or Mount Vinson presents greater logistical challenges.,"['Climbers', 'often', 'debate', 'whether', 'Denali', 'or', 'Mount', 'Vinson', 'presents', 'greater', 'logistical', 'challenges', '.']","['O', 'O', 'O', 'O', 'B-MOUNTAIN', 'O', 'O', 'O', 'O', 'O', 'O', 'O', 'O']"
Mount Vinson is officially known as Vinson Massif.,"['Mount', 'Vinson', 'is', 'officially', 'known', 'as', 'Vinson', 'Massif', '.']","['O', 'O', 'O', 'O', 'O', 'O', 'B-MOUNTAIN', 'I-MOUNTAIN', 'O']"
Mauna Kea offers exceptional conditions for astronomical observatories.,"['Mauna', 'Kea', 'offers', 'exceptional', 'conditions', 'for', 'astronomical', 'observatories', '.']","['B-MOUNTAIN', 'I-MOUNTAIN', 'O', 'O', 'O', 'O', 'O', 'O', 'O']"
The family enjoyed a peaceful picnic beside a mountain stream.,"['The', 'family', 'enjoyed', 'a', 'peaceful', 'picnic', 'beside', 'a', 'mountain', 'stream', '.']","['O', 'O', 'O', 'O', 'O', 'O', 'O', 'O', 'O', 'O', 'O']"
Mount Damavand is the highest peak in Iran.,"['Mount', 'Damavand', 'is', 'the', 'highest', 'peak', 'in', 'Iran', '.']","['B-MOUNTAIN', 'I-MOUNTAIN', 'O', 'O', 'O', 'O', 'O', 'O', 'O']"
Haleakalā is famous for its vast volcanic crater and unforgettable sunrises.,"['Haleakalā', 'is', 'famous', 'for', 'its', 'vast', 'volcanic', 'crater', 'and', 'unforgettable', 'sunrises', '.']","['B-MOUNTAIN', 'O', 'O', 'O', 'O', 'O', 'O', 'O', 'O', 'O', 'O', 'O']"
Jade Dragon Snow Mountain overlooks the historic city of Lijiang.,"['Jade', 'Dragon', 'Snow', 'Mountain', 'overlooks', 'the', 'historic', 'city', 'of', 'Lijiang', '.']","['B-MOUNTAIN', 'I-MOUNTAIN', 'I-MOUNTAIN', 'I-MOUNTAIN', 'O', 'O', 'O', 'O', 'O', 'O', 'O']"
Mount Apo is the highest mountain in the Philippines.,"['Mount', 'Apo', 'is', 'the', 'highest', 'mountain', 'in', 'the', 'Philippines', '.']","['B-MOUNTAIN', 'I-MOUNTAIN', 'O', 'O', 'O', 'O', 'O', 'O', 'O', 'O']"
Heavy snowfall forced several hiking groups to postpone their plans.,"['Heavy', 'snowfall', 'forced', 'several', 'hiking', 'groups', 'to', 'postpone', 'their', 'plans', '.']","['O', 'O', 'O', 'O', 'O', 'O', 'O', 'O', 'O', 'O', 'O']"
Mount Kinabalu supports an extraordinary variety of plant species.,"['Mount', 'Kinabalu', 'supports', 'an', 'extraordinary', 'variety', 'of', 'plant', 'species', '.']","['B-MOUNTAIN', 'I-MOUNTAIN', 'O', 'O', 'O', 'O', 'O', 'O', 'O', 'O']"
Puncak Jaya is the highest mountain on the island of New Guinea.,"['Puncak', 'Jaya', 'is', 'the', 'highest', 'mountain', 'on', 'the', 'island', 'of', 'New', 'Guinea', '.']","['B-MOUNTAIN', 'I-MOUNTAIN', 'O', 'O', 'O', 'O', 'O', 'O', 'O', 'O', 'O', 'O', 'O']"
The documentary highlighted the biodiversity found in alpine environments.,"['The', 'documentary', 'highlighted', 'the', 'biodiversity', 'found', 'in', 'alpine', 'environments', '.']","['O', 'O', 'O', 'O', 'O', 'O', 'O', 'O', 'O', 'O']"
Popocatepetl remains one of Mexico's most closely monitored volcanoes.,"['Popocatepetl', 'remains', 'one', 'of', ""Mexico's"", 'most', 'closely', 'monitored', 'volcanoes', '.']","['B-MOUNTAIN', 'O', 'O', 'O', 'O', 'O', 'O', 'O', 'O', 'O']"
Gangkhar Puensum has never been officially climbed.,"['Gangkhar', 'Puensum', 'has', 'never', 'been', 'officially', 'climbed', '.']","['B-MOUNTAIN', 'I-MOUNTAIN', 'O', 'O', 'O', 'O', 'O', 'O']"
Strong winds swept across the exposed ridge throughout the afternoon.,"['Strong', 'winds', 'swept', 'across', 'the', 'exposed', 'ridge', 'throughout', 'the', 'afternoon', '.']","['O', 'O', 'O', 'O', 'O', 'O', 'O', 'O', 'O', 'O', 'O']"
Mount Ararat has long held cultural and historical significance.,"['Mount', 'Ararat', 'has', 'long', 'held', 'cultural', 'and', 'historical', 'significance', '.']","['B-MOUNTAIN', 'I-MOUNTAIN', 'O', 'O', 'O', 'O', 'O', 'O', 'O', 'O']"
Travelers visiting Pico do Fogo often explore nearby volcanic villages.,"['Travelers', 'visiting', 'Pico', 'do', 'Fogo', 'often', 'explore', 'nearby', 'volcanic', 'villages', '.']","['O', 'O', 'B-MOUNTAIN', 'I-MOUNTAIN', 'I-MOUNTAIN', 'O', 'O', 'O', 'O', 'O', 'O']"
Mount Kerinci towers above the rainforests of Sumatra.,"['Mount', 'Kerinci', 'towers', 'above', 'the', 'rainforests', 'of', 'Sumatra', '.']","['B-MOUNTAIN', 'I-MOUNTAIN', 'O', 'O', 'O', 'O', 'O', 'O', 'O']"
Klyuchevskaya Sopka is the tallest active volcano in Eurasia.,"['Klyuchevskaya', 'Sopka', 'is', 'the', 'tallest', 'active', 'volcano', 'in', 'Eurasia', '.']","['B-MOUNTAIN', 'I-MOUNTAIN', 'O', 'O', 'O', 'O', 'O', 'O', 'O', 'O']"
The campsite was surprisingly quiet after sunset.,"['The', 'campsite', 'was', 'surprisingly', 'quiet', 'after', 'sunset', '.']","['O', 'O', 'O', 'O', 'O', 'O', 'O', 'O']"
Namcha Barwa stands near one of the deepest river gorges in the world.,"['Namcha', 'Barwa', 'stands', 'near', 'one', 'of', 'the', 'deepest', 'river', 'gorges', 'in', 'the', 'world', '.']","['B-MOUNTAIN', 'I-MOUNTAIN', 'O', 'O', 'O', 'O', 'O', 'O', 'O', 'O', 'O', 'O', 'O', 'O']"
Ismoil Somoni Peak was once known by several different names.,"['Ismoil', 'Somoni', 'Peak', 'was', 'once', 'known', 'by', 'several', 'different', 'names', '.']","['B-MOUNTAIN', 'I-MOUNTAIN', 'I-MOUNTAIN', 'O', 'O', 'O', 'O', 'O', 'O', 'O', 'O']"
Mount Stanley lies within the Rwenzori mountain range.,"['Mount', 'Stanley', 'lies', 'within', 'the', 'Rwenzori', 'mountain', 'range', '.']","['B-MOUNTAIN', 'I-MOUNTAIN', 'O', 'O', 'O', 'O', 'O', 'O', 'O']"
The scenic drive revealed distant views of Mount Waddington.,"['The', 'scenic', 'drive', 'revealed', 'distant', 'views', 'of', 'Mount', 'Waddington', '.']","['O', 'O', 'O', 'O', 'O', 'O', 'O', 'B-MOUNTAIN', 'I-MOUNTAIN', 'O']"
Mount Whitney is the highest summit in the contiguous United States.,"['Mount', 'Whitney', 'is', 'the', 'highest', 'summit', 'in', 'the', 'contiguous', 'United', 'States', '.']","['B-MOUNTAIN', 'I-MOUNTAIN', 'O', 'O', 'O', 'O', 'O', 'O', 'O', 'O', 'O', 'O']"
The ranger reminded everyone to stay on marked trails.,"['The', 'ranger', 'reminded', 'everyone', 'to', 'stay', 'on', 'marked', 'trails', '.']","['O', 'O', 'O', 'O', 'O', 'O', 'O', 'O', 'O', 'O']"
Nanda Devi is surrounded by a protected national park.,"['Nanda', 'Devi', 'is', 'surrounded', 'by', 'a', 'protected', 'national', 'park', '.']","['B-MOUNTAIN', 'I-MOUNTAIN', 'O', 'O', 'O', 'O', 'O', 'O', 'O', 'O']"
Jengish Chokusu and Pik Talgar are important peaks in Central Asia.,"['Jengish', 'Chokusu', 'and', 'Pik', 'Talgar', 'are', 'important', 'peaks', 'in', 'Central', 'Asia', '.']","['B-MOUNTAIN', 'I-MOUNTAIN', 'O', 'B-MOUNTAIN', 'I-MOUNTAIN', 'O', 'O', 'O', 'O', 'O', 'O', 'O']"
A cold front brought fresh snow to the upper elevations overnight.,"['A', 'cold', 'front', 'brought', 'fresh', 'snow', 'to', 'the', 'upper', 'elevations', 'overnight', '.']","['O', 'O', 'O', 'O', 'O', 'O', 'O', 'O', 'O', 'O', 'O', 'O']"
Mount Gongga is known for its dramatic relief and unpredictable weather.,"['Mount', 'Gongga', 'is', 'known', 'for', 'its', 'dramatic', 'relief', 'and', 'unpredictable', 'weather', '.']","['B-MOUNTAIN', 'I-MOUNTAIN', 'O', 'O', 'O', 'O', 'O', 'O', 'O', 'O', 'O', 'O']"
Kongur Tagh rises prominently above western China.,"['Kongur', 'Tagh', 'rises', 'prominently', 'above', 'western', 'China', '.']","['B-MOUNTAIN', 'I-MOUNTAIN', 'O', 'O', 'O', 'O', 'O', 'O']"
The travel blog described unforgettable evenings around a campfire.,"['The', 'travel', 'blog', 'described', 'unforgettable', 'evenings', 'around', 'a', 'campfire', '.']","['O', 'O', 'O', 'O', 'O', 'O', 'O', 'O', 'O', 'O']"
Sabalan is famous for the crater lake near its summit.,"['Sabalan', 'is', 'famous', 'for', 'the', 'crater', 'lake', 'near', 'its', 'summit', '.']","['B-MOUNTAIN', 'O', 'O', 'O', 'O', 'O', 'O', 'O', 'O', 'O', 'O']"
Toubkal is a favorite destination for trekkers visiting Morocco.,"['Toubkal', 'is', 'a', 'favorite', 'destination', 'for', 'trekkers', 'visiting', 'Morocco', '.']","['B-MOUNTAIN', 'O', 'O', 'O', 'O', 'O', 'O', 'O', 'O', 'O']"
Mount Meru is often climbed as preparation for Mount Kilimanjaro.,"['Mount', 'Meru', 'is', 'often', 'climbed', 'as', 'preparation', 'for', 'Mount', 'Kilimanjaro', '.']","['B-MOUNTAIN', 'I-MOUNTAIN', 'O', 'O', 'O', 'O', 'O', 'O', 'B-MOUNTAIN', 'I-MOUNTAIN', 'O']"
Shiveluch remains one of the most active volcanoes in Kamchatka.,"['Shiveluch', 'remains', 'one', 'of', 'the', 'most', 'active', 'volcanoes', 'in', 'Kamchatka', '.']","['B-MOUNTAIN', 'O', 'O', 'O', 'O', 'O', 'O', 'O', 'O', 'O', 'O']"
Tomort features impressive glaciers and rugged alpine scenery.,"['Tomort', 'features', 'impressive', 'glaciers', 'and', 'rugged', 'alpine', 'scenery', '.']","['B-MOUNTAIN', 'O', 'O', 'O', 'O', 'O', 'O', 'O', 'O']"
The educational program taught children how to read topographic maps.,"['The', 'educational', 'program', 'taught', 'children', 'how', 'to', 'read', 'topographic', 'maps', '.']","['O', 'O', 'O', 'O', 'O', 'O', 'O', 'O', 'O', 'O', 'O']"
"Batura Sar, Rakaposhi, and K2 are among the magnificent peaks of northern Pakistan.","['Batura', 'Sar', ',', 'Rakaposhi', ',', 'and', 'K2', 'are', 'among', 'the', 'magnificent', 'peaks', 'of', 'northern', 'Pakistan', '.']","['B-MOUNTAIN', 'I-MOUNTAIN', 'O', 'B-MOUNTAIN', 'O', 'O', 'B-MOUNTAIN', 'O', 'O', 'O', 'O', 'O', 'O', 'O', 'O', 'O']"
Mount Hayes and Mount Marcus Baker dominate parts of Alaska's mountainous landscape.,"['Mount', 'Hayes', 'and', 'Mount', 'Marcus', 'Baker', 'dominate', 'parts', 'of', ""Alaska's"", 'mountainous', 'landscape', '.']","['B-MOUNTAIN', 'I-MOUNTAIN', 'O', 'B-MOUNTAIN', 'I-MOUNTAIN', 'I-MOUNTAIN', 'O', 'O', 'O', 'O', 'O', 'O', 'O']"
Pico Basilé offers panoramic views across Bioko Island.,"['Pico', 'Basilé', 'offers', 'panoramic', 'views', 'across', 'Bioko', 'Island', '.']","['B-MOUNTAIN', 'I-MOUNTAIN', 'O', 'O', 'O', 'O', 'O', 'O', 'O']"
Mount Wilhelm is the highest mountain in Papua New Guinea.,"['Mount', 'Wilhelm', 'is', 'the', 'highest', 'mountain', 'in', 'Papua', 'New', 'Guinea', '.']","['B-MOUNTAIN', 'I-MOUNTAIN', 'O', 'O', 'O', 'O', 'O', 'O', 'O', 'O', 'O']"
The weather report warned hikers about possible lightning at higher elevations.,"['The', 'weather', 'report', 'warned', 'hikers', 'about', 'possible', 'lightning', 'at', 'higher', 'elevations', '.']","['O', 'O', 'O', 'O', 'O', 'O', 'O', 'O', 'O', 'O', 'O', 'O']"
Cerro Chirripó is the highest mountain in Costa Rica.,"['Cerro', 'Chirripó', 'is', 'the', 'highest', 'mountain', 'in', 'Costa', 'Rica', '.']","['B-MOUNTAIN', 'I-MOUNTAIN', 'O', 'O', 'O', 'O', 'O', 'O', 'O', 'O']"
Ojos del Salado is the world's highest active volcano.,"['Ojos', 'del', 'Salado', 'is', 'the', ""world's"", 'highest', 'active', 'volcano', '.']","['B-MOUNTAIN', 'I-MOUNTAIN', 'I-MOUNTAIN', 'O', 'O', 'O', 'O', 'O', 'O', 'O']"
Mount Lawu and Mount Slamet are popular hiking destinations in Indonesia.,"['Mount', 'Lawu', 'and', 'Mount', 'Slamet', 'are', 'popular', 'hiking', 'destinations', 'in', 'Indonesia', '.']","['B-MOUNTAIN', 'I-MOUNTAIN', 'O', 'B-MOUNTAIN', 'I-MOUNTAIN', 'O', 'O', 'O', 'O', 'O', 'O', 'O']"
Emi Koussi rises from the Sahara as a massive volcanic mountain.,"['Emi', 'Koussi', 'rises', 'from', 'the', 'Sahara', 'as', 'a', 'massive', 'volcanic', 'mountain', '.']","['B-MOUNTAIN', 'I-MOUNTAIN', 'O', 'O', 'O', 'O', 'O', 'O', 'O', 'O', 'O', 'O']"
The expedition celebrated after successfully reaching the summit despite difficult conditions.,"['The', 'expedition', 'celebrated', 'after', 'successfully', 'reaching', 'the', 'summit', 'despite', 'difficult', 'conditions', '.']","['O', 'O', 'O', 'O', 'O', 'O', 'O', 'O', 'O', 'O', 'O', 'O']"
Mount Leuser shelters rich tropical biodiversity.,"['Mount', 'Leuser', 'shelters', 'rich', 'tropical', 'biodiversity', '.']","['B-MOUNTAIN', 'I-MOUNTAIN', 'O', 'O', 'O', 'O', 'O']"
Gyala Peri stands close to Namcha Barwa in the eastern Himalayas.,"['Gyala', 'Peri', 'stands', 'close', 'to', 'Namcha', 'Barwa', 'in', 'the', 'eastern', 'Himalayas', '.']","['B-MOUNTAIN', 'I-MOUNTAIN', 'O', 'O', 'O', 'B-MOUNTAIN', 'I-MOUNTAIN', 'O', 'O', 'O', 'O', 'O']"
A clear autumn morning is often the best time to enjoy mountain views.,"['A', 'clear', 'autumn', 'morning', 'is', 'often', 'the', 'best', 'time', 'to', 'enjoy', 'mountain', 'views', '.']","['O', 'O', 'O', 'O', 'O', 'O', 'O', 'O', 'O', 'O', 'O', 'O', 'O', 'O']"
Mount Karisimbi is the highest volcano in the Virunga Mountains.,"['Mount', 'Karisimbi', 'is', 'the', 'highest', 'volcano', 'in', 'the', 'Virunga', 'Mountains', '.']","['B-MOUNTAIN', 'I-MOUNTAIN', 'O', 'O', 'O', 'O', 'O', 'O', 'O', 'O', 'O']"
Climbers on Kamet and Nanda Devi must carefully plan for changing weather.,"['Climbers', 'on', 'Kamet', 'and', 'Nanda', 'Devi', 'must', 'carefully', 'plan', 'for', 'changing', 'weather', '.']","['O', 'O', 'B-MOUNTAIN', 'O', 'B-MOUNTAIN', 'I-MOUNTAIN', 'O', 'O', 'O', 'O', 'O', 'O', 'O']"
Pico da Neblina lies deep within the Amazon rainforest near Brazil's northern border.,"['Pico', 'da', 'Neblina', 'lies', 'deep', 'within', 'the', 'Amazon', 'rainforest', 'near', ""Brazil's"", 'northern', 'border', '.']","['B-MOUNTAIN', 'I-MOUNTAIN', 'I-MOUNTAIN', 'O', 'O', 'O', 'O', 'O', 'O', 'O', 'O', 'O', 'O', 'O']"
